,Aguascalientes,Baja California,Baja California Sur,Campeche,Chiapas,Chihuahua,Ciudad de México,Coahuila,Colima,Durango,Guanajuato,Guerrero,Hidalgo,Jalisco,Michoacán,Morelos,México,Nayarit,Nuevo León,Oaxaca,Puebla,Querétaro,Quintana Roo,San Luis Potosí,Sinaloa,Sonora,Tabasco,Tamaulipas,Tlaxcala,Veracruz,Yucatán,Zacatecas
2020-06-01,4.13665736258998,4.42507332992962,6.60941475826972,6.728203920645201,12.9230369657075,4.222230155356,7.94881018732235,5.15038474836343,6.1463365031458,1.96245956535876,10.9878672734899,10.537053317474301,2.33240849785177,3.8270375914979,7.90226105477827,3.4419786161662804,3.47247501890141,11.4869838540687,5.37400118021649,12.8055345259556,3.07498410280134,0.0,7.39464895001295,4.57310117010458,5.55095354015483,8.76110544988674,6.05718160244095,4.125422723864229,8.05730113995094,0.7846565352169319,1.8053145109133102,5.927609468314031
2020-05-01,4.33127472380115,1.7426979948262402,3.0470302809401497,8.55806048045695,14.204443788041003,4.13329340545622,1.20767143578225,9.2403744613763,4.72060891159721,10.6003997059337,6.655392666891579,1.53124731613753,0.618161339832085,3.14023991011642,6.25601160968981,0.8403316399526131,3.2447574676904996,2.56719537859635,4.08754921084725,2.60962961719838,5.81075121985357,0.0,3.34453911853068,3.71968740560594,2.8474886758542697,5.0062203907230405,2.47418436853125,3.70757442389524,10.030442546416802,0.5156641405333421,0.6193669718259879,8.50976056799286
2020-04-01,1.47673446642519,1.46958051098492,2.1352702798094403,1.7595060917318401,3.14570173181965,4.37318468810095,6.6856782587274495,2.72960668849079,3.1969712968886803,6.12382193153433,8.21613891604015,1.92597734354465,1.88762220626402,4.3005362774945,4.77026061190841,19.4004432627729,2.4370424502076102,1.86498385014741,7.76407852329329,0.19792851698544497,9.593901774613391,4.37428217766521,0.0,4.17828290475724,1.5754721422035298,6.19308395005999,5.60223478714452,1.05625395720659,5.061256388737171,1.23906128155771,1.78553046864505,3.9986815991921296
2020-03-01,3.492279456667,2.286173156667,3.693259463333,3.232931126667,4.648576616667,3.027839283333,2.641862353333,3.485757663333,4.751826333333,4.041171603333,3.60317443,1.5664836,1.897701283333,3.01689819,4.985023616667,2.406193643333,1.932026393333,3.848848796667,3.8509325,1.688963276667,2.844290326667,3.489315756667,2.974554023333,2.045910683333,2.810142973333,4.434065723333,5.13185912,3.153597873333,4.022492646667,2.753203143333,1.994531643333,3.20914045
2020-02-01,3.617487983333,2.295086246667,3.38100673,3.19873983,4.494921506667,3.310627623333,2.517319143333,3.44163543,5.093009326667,3.86529497,3.655864593333,1.348306753333,2.12666326,3.194910203333,4.60229401,2.245412073333,1.9955684,3.894560126667,3.76255581,1.708854793333,2.52467771,4.085458973333,2.858367443333,1.98833899,2.885248563333,4.701045766667,5.64638574,3.36070817,3.881716626667,2.950991013333,1.851351316667,3.063799626667
2020-01-01,3.542378113333,2.44614011,3.38157533,3.254015196667,3.97280172,2.776218193333,2.537623736667,3.037501216667,5.155329766667,3.68194693,3.565073753333,1.398037603333,2.274604436667,3.276650736667,4.37021536,2.515029566667,2.02665757,3.591369023333,3.614398366667,2.248215183333,2.506190866667,4.046966343333,2.962655973333,1.953869416667,2.660603576667,4.420800276667,6.182002513333,3.077390633333,3.81178897,3.025600643333,1.857650686667,2.83418617
2019-12-01,3.249448243333,2.189803333333,3.701430793333,3.14370396,4.204892296667,2.997008446667,2.503667443333,2.480265673333,5.223529576667,3.311120193333,3.369178093333,1.521229043333,2.492971596667,3.140151463333,4.20558463,2.770573216667,2.476270693333,3.572781896667,3.554112846667,2.045576596667,2.532102223333,4.727028026667,3.076679216667,2.056620776667,2.714763556667,3.99615695,6.433150266667,3.056132,3.73754405,2.9140409,1.961871103333,2.50311151
2019-11-01,3.54249235,2.61776742,4.57327145,3.00871429,4.36778397,3.120901793333,3.01007106,2.793384813333,5.10457874,3.688926103333,3.50628694,1.677577346667,2.476058896667,3.444732016667,4.91821007,3.581502776667,2.833791856667,3.83000339,3.47366938,2.047943753333,2.908922026667,5.110285153333,3.45866067,2.56110719,3.02122396,4.34668143,6.979573633333,3.215161873333,3.76909532,3.027598793333,1.918596693333,2.629678946667
2019-10-01,3.491408433333,2.80347035,4.63169332,3.112403556667,5.197481086667,3.467984876667,3.265370766667,2.979043093333,5.153235906667,3.883367476667,3.58552388,1.551752096667,2.371404123333,3.348469413333,4.947007733333,3.4020176,3.05795974,4.06946539,3.191010933333,1.78748165,2.940157583333,5.758600636667,3.46340309,3.269676846667,3.345318366667,4.23388431,6.995866573333,3.736758156667,3.72577188,3.321175546667,1.99643711,3.001765293333
2019-09-01,3.780194626667,2.949129843333,4.830505606667,3.010800946667,4.98896933,3.766600036667,3.633014996667,3.009235436667,5.00996222,3.884861346667,3.776006986667,1.450133743333,2.028818536667,3.356556496667,4.702961376667,2.979839533333,2.814101363333,4.661795933333,3.51352205,2.062898123333,2.90268408,5.355343466667,3.433222893333,3.412442963333,3.597084443333,5.077983103333,6.966862423333,3.655870383333,3.755251316667,3.599767816667,2.025206153333,3.09927504
2019-08-01,3.894194146667,2.653941553333,4.54002942,3.360143383333,5.16562263,3.681180176667,3.485163976667,3.193536786667,4.942938506667,3.72641267,4.028025983333,1.419350243333,2.564817193333,2.95873147,4.56453131,2.627289416667,2.359594023333,4.31355355,3.936839576667,2.03114786,2.86707657,4.721444383333,3.09634869,3.09874982,3.237122413333,5.14890133,6.85822316,3.274037843333,4.05124244,3.59167114,2.140062003333,2.987232713333
2019-07-01,3.765697653333,2.484251366667,4.590016106667,3.209273136667,5.089321513333,3.739827813333,3.369652363333,3.23606911,5.043360326667,4.070350133333,4.08486217,1.39019375,2.563499476667,2.769720543333,4.597197463333,2.99729059,2.496657326667,4.496119933333,3.98419854,1.59870076,2.86656595,4.268787423333,3.02286217,2.844630123333,3.086833896667,5.137420686667,6.332680463333,2.983920723333,4.190789343333,2.911306813333,2.06734753,2.987346503333
2019-06-01,3.70852612,2.498136093333,4.35401907,3.429995573333,5.056531616667,3.539093393333,3.593436996667,3.511757013333,4.924806503333,4.26032777,3.806752643333,1.413134993333,2.75744514,2.933841713333,4.559715463333,2.847620196667,2.35292981,4.067584326667,3.603623886667,1.295743763333,2.67771848,4.565311083333,2.779111736667,2.737840673333,2.93429588,4.170554853333,7.132758353333,3.11098463,4.27345858,2.590854633333,1.761986786667,3.356842933333
2019-05-01,3.335286683333,2.40510998,4.065213156667,3.35552321,4.802372443333,3.51941278,3.362388833333,3.48665689,4.709567506667,4.65147398,3.501604766667,1.597617836667,2.584563243333,3.205802006667,4.44882767,2.46226276,2.401691506667,4.123311056667,3.382954013333,1.31763205,2.531699223333,4.009155206667,2.818351873333,2.406919233333,3.248220553333,3.639512766667,6.66509276,3.157927663333,4.14709097,2.64653335,1.747720686667,3.2588363
2019-04-01,3.432155063333,2.271919093333,3.783418183333,3.40242947,4.234547123333,3.483786333333,3.412280203333,3.25517726,4.786395643333,4.66635474,3.58903964,1.613165,2.41685155,3.151390043333,4.134167306667,1.97269081,2.124477636667,3.57952393,3.28816864,1.482160866667,2.4778403,3.215056743333,2.868762946667,2.056033826667,3.120103853333,3.770381643333,7.551327226667,3.355981213333,3.99353374,3.011867183333,1.803806116667,3.195663263333
2019-03-01,3.308838873333,2.487591476667,3.35717501,3.37246296,4.24358465,4.01335775,3.055602796667,3.216427153333,4.84427672,4.642660976667,3.83985815,1.863473826667,2.486941456667,2.68269336,4.272310496667,2.32924905,1.91535054,3.52919327,3.343811096667,1.78890188,2.442868066667,2.616808733333,2.9075757,2.21477135,3.499114273333,4.20392045,7.445136163333,3.597054406667,3.801723186667,2.758270576667,1.85498215,3.174566643333
2019-02-01,3.35416203,2.435951763333,3.182204003333,3.51939096,3.865031656667,4.062025856667,3.615149903333,2.622193223333,5.602634043333,4.631029053333,4.029493053333,1.426891126667,2.24105805,2.359079886667,4.246830333333,2.43318995,1.83070413,3.329537106667,3.264351353333,1.79984747,2.814970403333,3.182474873333,3.192642723333,2.359993276667,3.565821656667,4.253213743333,7.818217633333,3.82667986,4.021961173333,2.402538273333,1.71844892,2.992800933333
2019-01-01,3.523722046667,2.51970475,3.012920553333,3.721671956667,3.816228166667,4.146287323333,3.533969736667,2.42242808,5.502413463333,4.39798399,3.89392106,1.66869458,2.276448426667,2.46700804,4.15386516,2.557618763333,1.91818963,3.534660473333,3.413925763333,2.180919406667,2.683961253333,3.640231156667,2.963368253333,2.299418856667,3.558300526667,4.278391233333,7.796860416667,3.49026032,4.04412487,2.520071336667,1.396099516667,2.840738383333
2018-12-01,3.400607023333,2.21552675,3.43091815,3.465472083333,3.571108916667,3.60387576,3.508400893333,2.093773003333,5.1852905,4.122734886667,3.71181478,1.27179315,2.144562276667,2.593600023333,4.061006236667,2.433942296667,2.097886746667,3.381408816667,3.338472566667,2.01422263,2.537706543333,3.731742533333,3.073144843333,2.070359056667,3.183198726667,3.493660403333,7.852692293333,3.853077596667,4.147386683333,2.71682346,1.454259916667,2.48746763
2018-11-01,3.549631133333,2.73678363,3.84400863,3.414941213333,4.285447086667,3.421970046667,3.188363543333,2.343713273333,4.73646818,4.38974737,3.767364393333,1.585324413333,2.652969463333,2.79602713,3.866865976667,2.62350848,2.456872646667,4.212118596667,3.47578091,2.062767056667,2.47960154,3.765624133333,2.562342296667,2.161293923333,3.118338686667,3.378692346667,8.193600556667,3.90600191,3.80100922,3.356643733333,1.60611517,2.652251863333
2018-10-01,3.658282753333,2.94986445,4.1988728,3.562750703333,4.690523766667,3.4369196,3.022247216667,2.820310023333,4.702640823333,4.741989963333,3.640500956667,1.44574147,3.082011753333,2.950555616667,3.929078946667,2.644892006667,2.516703096667,4.528200916667,3.793665763333,1.467857263333,2.590571416667,4.200450396667,2.657789163333,2.3264605,3.718465296667,3.373634016667,7.80565889,4.223487003333,3.923775063333,2.95207094,1.894639213333,2.787829193333
2018-09-01,3.78728808,3.18843465,4.056306946667,3.60338163,4.94860346,3.165912543333,2.882454253333,2.99565758,4.663903613333,5.086398856667,3.438172506667,1.56320744,3.318890193333,3.00590555,3.962042833333,2.371466326667,2.412104466667,4.95611137,3.650506826667,1.67280152,3.0316108,4.246878683333,2.671794176667,2.556537296667,3.526117056667,4.06012872,7.280666943333,3.844768596667,3.747330983333,3.626760403333,2.15633102,3.00110586
2018-08-01,3.68969767,3.038000536667,3.95619378,3.78455933,4.59260892,3.038466566667,2.85753192,3.270565153333,4.530422223333,4.35783748,3.037300326667,1.3010017,2.967537286667,3.047877596667,4.236444083333,1.869063186667,2.221473643333,4.747893096667,3.53882419,1.60907056,3.190604306667,4.09493073,2.868595736667,2.67793785,3.928865986667,4.056614283333,6.692311376667,3.892759913333,3.69476499,3.20437882,1.948451526667,2.97603888
2018-07-01,3.372719793333,2.834222373333,3.708433823333,3.410262386667,4.10667578,2.927777766667,2.811527983333,3.16755148,4.544677073333,4.231754763333,2.92131254,1.13501144,2.612284803333,3.129113823333,4.066734923333,1.579909676667,1.93528189,4.376444456667,3.33916405,1.624907433333,3.16654187,4.33440062,2.660156636667,2.563303113333,3.786634246667,3.892380773333,6.498846526667,3.657962726667,3.309131126667,3.73063347,1.837610543333,3.09197901
2018-06-01,3.46825184,2.68307298,3.277644503333,3.23233781,4.052301986667,2.636507806667,2.881304843333,3.421797293333,5.061076233333,3.797456723333,3.36967741,0.8426054,2.597464706667,3.005468903333,4.134429413333,1.956429326667,2.084328153333,4.24152851,3.44262062,1.348976253333,2.75775373,3.821523136667,2.531950176667,2.406338136667,3.912411023333,3.732483916667,6.385030806667,3.76832258,3.111181803333,3.1310585,1.50119897,2.513495126667
2018-05-01,3.543026426667,2.363470683333,3.59579214,2.6746688,3.736982106667,2.863411976667,2.485647373333,3.477683883333,4.961463816667,4.21627097,3.423863043333,0.998830536667,3.15752585,2.535079976667,3.880197846667,1.93957409,2.11423674,3.672645263333,3.65718887,1.181258926667,2.08300608,3.980399083333,2.53325348,2.43571797,3.164391536667,3.31789701,6.247892166667,3.623337306667,3.09565067,3.08320346,1.4092054,2.649400136667
2018-04-01,3.901164636667,2.146922526667,3.836927616667,2.617684153333,3.876435616667,2.839456753333,2.304329826667,3.67178589,4.251347416667,4.028068866667,3.745020753333,1.075816823333,3.148917153333,2.09922054,4.352023686667,2.18103073,1.982135576667,3.668835293333,3.694776223333,1.269751546667,2.15123416,3.1613742,2.586914826667,2.4086819,2.63306768,3.744377426667,6.763178523333,4.085862746667,3.567663233333,2.608855023333,1.619363023333,2.59435562
2018-03-01,3.779250103333,2.097692006667,3.878020383333,2.631836393333,4.03491333,3.382745776667,2.041988316667,3.965834803333,3.647783023333,4.43822884,3.427497026667,1.242153273333,2.898529656667,2.121714863333,4.466824406667,2.056602873333,1.9083051,3.36606326,3.693150986667,1.316107893333,2.14293324,3.247282156667,2.626610983333,2.917311033333,2.47774725,3.559903713333,7.604475426667,3.982797546667,3.590274736667,2.731144513333,1.938367346667,3.711968536667
2018-02-01,3.765026096667,2.134951353333,3.44291397,2.609373223333,3.84313284,3.45634044,2.324180476667,3.409732933333,3.58519748,4.024093393333,3.499453173333,1.40785208,2.27883448,2.252056856667,4.579056816667,2.149979023333,1.798406603333,3.638971453333,3.496895453333,1.321378263333,2.423795563333,3.722512166667,2.730335526667,2.82472835,2.632662266667,4.057215096667,8.183663856667,4.070641596667,3.500958996667,3.1505474,2.10086536,3.5760058
2018-01-01,3.60045674,2.496647283333,3.45254449,2.952758666667,3.89157349,3.58940988,2.48314659,2.848399063333,3.991155836667,3.946546226667,3.61820248,1.481278823333,2.539782316667,2.701816463333,4.35216529,2.379314456667,2.014047326667,3.366428036667,3.327836936667,1.57966868,2.51920461,4.025462996667,3.155391993333,2.844457956667,3.067378116667,3.438109786667,7.490945143333,3.938534566667,3.35824239,3.675841786667,1.88702419,3.326286066667
2017-12-01,3.556187416667,2.834267496667,3.92469877,3.364381286667,3.571030956667,3.614248646667,2.53610887,2.527079836667,4.62003069,3.354238693333,3.75073795,1.537022843333,2.714822856667,2.660853046667,4.08020599,2.262750033333,2.387783996667,3.421383733333,3.458900683333,1.827323333333,2.559470293333,4.735270743333,3.221163633333,2.377236826667,3.389087736667,3.832216116667,6.685749146667,4.005774523333,3.782887993333,3.818642856667,1.74403019,2.498651513333
2017-11-01,3.243622196667,3.074730246667,4.255588923333,3.974995416667,4.090137043333,3.782449396667,2.482108716667,2.585077596667,5.353736776667,3.5966131,3.69088703,1.367675396667,2.59764203,2.936540903333,4.019905593333,2.413834816667,2.936370403333,3.743359533333,3.65403828,2.246124023333,2.8393811,4.41354585,3.415989666667,2.28437621,3.834494326667,3.588733843333,6.840304893333,4.037527266667,4.02067811,3.829600123333,1.86632941,2.49445465
2017-10-01,3.109687096667,3.29515446,4.28524143,3.878525683333,4.135867966667,3.878201483333,2.77592251,2.616648543333,5.556926793333,3.736093216667,3.077713526667,1.30928737,2.668815876667,2.932640143333,4.18413071,2.427858463333,3.14304697,4.05762574,3.907804213333,2.51700461,2.789881676667,4.135633813333,3.2506124,2.300201713333,3.836138813333,3.991631866667,6.906168773333,4.301888556667,4.17726172,3.128164496667,2.103697923333,2.69033976
2017-09-01,3.250508283333,3.043637356667,4.410478196667,3.972700163333,4.264599703333,3.741894463333,3.012584146667,2.488196936667,5.179544956667,3.773549006667,2.76909388,1.45663556,2.310221173333,2.933755253333,4.252121506667,2.58984362,2.666876793333,3.99600404,3.92957886,2.145726446667,2.813673886667,4.12325071,3.355633893333,2.385667123333,3.939809876667,3.91416147,7.06868325,4.398263826667,3.979726643333,3.129018323333,2.600214653333,2.644783726667
2017-08-01,3.902052683333,3.051336753333,4.55098401,3.704696066667,4.58998086,3.737698956667,2.94502815,2.592872506667,5.018223223333,3.607397743333,2.677267416667,1.582586883333,2.518615096667,2.598776163333,3.859179143333,2.773108536667,1.86075119,3.48185848,3.7322649,2.176670076667,2.90084173,4.483960556667,3.350137596667,2.638468573333,3.676649076667,4.15690688,6.862383376667,4.34302279,3.91803268,2.762003456667,2.700081013333,2.72649715
2017-07-01,3.965486416667,2.882130186667,4.63575326,3.875628506667,4.77385907,3.71391775,2.576668153333,2.78463516,4.90824426,3.791636916667,3.384372753333,1.699048773333,2.794143926667,2.343405616667,3.60910822,2.995141826667,1.762659976667,3.401266246667,3.694909556667,1.82404137,3.290649896667,4.47756016,3.180778373333,2.815704783333,3.75713788,3.85209119,7.340115086667,3.89256084,3.719133093333,3.399423576667,2.387517776667,2.733783926667
2017-06-01,4.251809768543,2.758568708128,3.903367389037,4.000277263096,4.982451394652,3.739049277136,2.421752631732,2.758034701716,4.876388073115,4.006263189561,3.89769196559,1.437566372287,2.999295918144,2.491810824678,3.698301723407,2.792854262772,1.559397674671,3.458000284915,3.939675243783,2.101493208192,3.198438184751,4.937586123294,2.702211629184,2.661903937824,3.608885390296,3.812443351036,7.397617116373,3.495330732538,3.598347103749,3.429677885369,1.879355040022,2.863828902402
2017-05-01,3.671991643801,2.733974775438,3.907812169519,3.926323517618,4.571385599944,3.276997376722,2.349562266263,2.996304481117,4.515237530456,3.87733319158,3.863092526102,1.461080833742,3.392580330671,2.649110916274,3.970458367739,2.569356271471,1.647097611182,3.213177668141,4.065867446878,1.960853412348,2.703361946363,4.146427016731,2.593909941381,2.457907686777,3.58505776422,3.594141853919,7.184210381985,3.726503018283,3.369896573128,3.768256107591,1.781504856213,2.993375267018
2017-04-01,3.606201738252,2.534463634836,4.285427350952,4.080147461991,4.56505453629,3.204532460666,2.595404919813,3.098127102649,3.927300906661,3.909244849225,3.530307967009,1.924356143256,3.450811489795,2.646939505702,4.151062212184,2.466791579985,1.315333709195,3.054747300815,3.881761717042,2.272696119455,2.051543272499,4.856678869855,2.699727077131,2.047345067276,3.267821887926,3.576759991209,6.889952329084,4.18454472452,3.498338916,3.585034718863,1.962354761065,2.836500897602
2017-03-01,3.286418505024,2.828535304333,4.726879550466,3.619263772248,4.633909482526,3.423659473696,2.674214556907,3.110179151834,3.701452589944,4.065581844095,3.32731477914,2.066974478978,3.757354576764,2.699090453439,4.14901420372,2.778282065731,1.677425275499,2.907452613026,3.746104280853,2.658622317692,2.471798625407,3.708835176946,3.271415064968,1.885750120807,3.397081857394,3.471808749455,6.992364344751,4.646518163225,3.406363116589,3.522285108412,1.958140778186,2.946821652702
2017-02-01,3.704920784267,2.720726175876,4.05082947935,3.917990026674,4.305569203246,3.630881381625,2.94707767028,2.735493392133,3.597750350655,3.937728440025,3.753387877439,2.265511437291,3.356379682733,3.295772664662,4.449946566164,2.936138266642,1.642827378587,2.999806878337,3.720910448183,2.57310808844,2.545428633505,4.11195752784,3.345722095643,1.715201700523,3.277108900282,3.419379236762,7.305507604102,4.248279497024,3.366899260853,3.29200095995,1.994733792656,2.628933706324
2017-01-01,3.640946206351,2.648022835743,3.645307786127,3.727008690978,4.179066343609,3.500422659453,2.816272194985,2.651433316299,4.103697444821,3.593438173886,3.743754338083,1.917732549293,2.649325056318,3.329561430484,4.737748175001,2.466146261716,2.057909074174,3.236942360676,3.904289652005,2.20547091885,2.817094214093,3.971455117153,3.467904799809,2.040980131726,3.267184182245,3.506179969897,7.687890152503,4.056844428816,3.411413398556,3.396471050115,1.995031410061,2.299363027441
2016-12-01,3.831812825993,2.235038438713,4.000937313734,3.973774647899,3.834431177851,3.405594280199,2.804477821469,2.369553865937,4.295807150827,3.543855950661,4.006067649202,1.685466594133,2.580837586501,3.343301050002,4.828438476074,2.388945111483,2.239397793438,3.508949557222,4.212358134171,1.719650840296,2.811260248205,4.688465575202,3.707386639572,1.925427566714,2.716532753305,3.976927946301,7.608445938203,4.025609021313,3.418927168723,3.512767682906,1.882797723093,2.132292935911
2016-11-01,3.805867539984,2.496819093062,5.258098296669,3.822839921265,4.170420316402,3.602928796496,2.857040142992,2.613673857631,4.86966291166,4.222545100064,4.09271004181,1.387538812301,2.687698403721,3.229107288872,5.399944469659,2.298037277821,2.238304350653,4.099635305207,4.490231700224,1.638801717477,3.31486892144,4.670004173902,3.507299495185,2.226757203439,3.265869154738,4.872362484585,8.097393063903,3.952067693362,3.82609510704,3.57989846522,1.889039322368,2.256870853645
2016-10-01,4.17531901156,2.826657743071,5.243552497804,4.252482514928,4.228258156984,3.941222793023,2.981542700513,2.926746112917,4.678138224674,4.800947505289,4.177917987277,1.574410092619,2.779281682729,3.46376054178,5.695954812454,2.691164708946,2.348229950841,4.557060817568,4.56679370409,1.827198562442,3.132605599179,4.579611473787,3.605652425953,2.401733425877,3.425606170526,5.593182314333,7.612103013252,4.551473232044,4.005057159602,3.541848,2.086711669678,2.843555684565
2016-09-01,4.094399805778,2.949402701822,5.170981886268,4.313553207542,4.380899272063,4.172590679297,3.230202586337,3.251351879495,4.853259618926,5.027414139939,3.90666141962,1.857350786099,2.942127446156,3.538384503364,5.806644544994,2.986101778665,2.851197209061,4.498456269982,4.391518831391,2.045536600093,3.203417180437,4.091204551323,2.829408634905,2.735881751849,4.030809393693,5.937792351601,7.974508874117,5.057124932121,4.517364078426,3.471368530344,1.991466706219,2.784566439723
2016-08-01,4.082797521022,2.657966460841,4.583271210762,4.334565847232,4.976071615348,4.300759533157,3.201510817452,3.366141684517,4.610258533972,5.269650075886,3.827735832575,2.066408606325,3.294172386454,3.479978527058,5.4559507762,2.955790123939,3.028656758988,4.437213435169,3.910305362928,2.588496175392,2.832084087738,4.001622288988,2.993087957642,2.521290957743,3.651208008189,5.95181741741,7.308365290862,5.445080356616,4.464755010681,3.745752987571,1.998047683693,3.062947741646
2016-07-01,4.181511422198,2.277613952478,4.50006370401,3.971099593212,4.677847062845,4.218904220848,2.986182421477,3.673053491882,5.228822882949,4.957825611684,3.795544277179,2.161346025236,3.369520565527,3.563738199258,5.390447727221,3.154700422604,3.244923717428,4.214329651953,3.90799830185,2.25205210158,3.072872559789,4.470099675886,2.835944553397,2.277644709536,3.902832598181,5.592964467875,7.654657226126,5.141556880176,4.11249437219,3.585562237252,1.712703404182,3.161349286631
2016-06-01,4.038141717489,2.421758388497,4.379331940136,3.437754528357,4.805674368039,4.208227878981,3.277526012751,3.698790678438,5.061962981306,4.917874930324,3.681596845565,2.15469359504,3.140439657631,3.785411010147,5.37597988344,2.641294413547,2.669418658243,3.95998813963,4.019594839757,2.065432630174,2.906836912452,4.725593906012,2.917066508674,2.500727978699,3.706258193715,4.915898280653,7.278965655049,4.692710294831,3.894114129339,3.555742619158,2.03152578372,3.122142473821
2016-05-01,4.014992972914,2.481141441741,3.784798990882,3.348856473334,3.864534628277,4.102313624797,3.073972740876,3.37263881325,5.205880304309,4.347829727327,3.723934301769,2.300370384961,2.613285143841,3.951021366458,5.116386527649,3.019204902766,2.856833493124,3.801514286887,4.423133498041,1.61643466364,2.836088664,4.594779127698,3.001411892775,2.486057674688,4.090273406352,4.453664999947,7.431403332065,4.558862297045,3.704764731643,3.504784608673,2.075224128128,3.066739512314
2016-04-01,3.807339121101,2.837576013481,4.094020072269,2.855573707053,4.238313188373,4.490310873083,3.276633680367,2.854004922752,5.041178869518,4.509827789902,4.356386994801,1.962580101338,3.12084297614,4.013947997529,5.083628661932,2.552921717739,2.603702151057,3.801192242141,4.442823729815,1.926786153961,2.859219002455,4.154448384307,2.886817073427,2.725475743023,3.901971750599,5.024026469633,7.197904319408,4.455460719385,3.878995346947,3.678065561905,2.133872925624,3.092521055736
2016-03-01,4.01442108366,2.953094492779,4.663545749075,3.157100243826,4.491755695309,4.240984374115,2.958422408622,3.243344815625,5.654517891074,4.37688650145,4.452076138023,2.509453352871,3.847461690801,4.162399896158,4.943304480232,2.645139662081,2.718894710291,4.019999672319,4.23010151039,2.06326162002,3.030314323337,4.532110877728,3.120642064835,2.766250795638,4.428711757009,5.187679217142,7.424036675386,4.837650564897,4.212756960019,3.590803837341,1.998850031915,3.292287906545
2016-02-01,3.70566528038,3.120784819313,4.803930558054,2.871628342039,4.872080373077,4.372504130177,3.126312628052,3.469499511187,5.803741552707,4.237739751676,4.275543695194,2.41762223166,3.772062289596,4.284312161576,5.289085158436,2.710615912848,2.676241579601,4.167978527828,4.036703811768,2.434069917853,2.89074467317,4.969987931829,2.722704041034,2.827762626511,4.388704652145,5.040548960359,7.806830940179,4.845346348853,4.735801584863,3.282104949542,2.122289861121,3.515752235282
2016-01-01,3.927398505258,3.444861381005,4.786574846214,2.908171970349,4.53385194054,4.146935438103,3.40603225519,3.575606643919,5.628552932959,4.06450829435,3.893485440912,2.518558422137,3.618154456419,4.322243910975,4.923838711617,2.61600937861,2.733116776193,4.428734211618,3.738537000094,2.245647872195,3.248481612289,4.940902437142,3.171781247826,2.78312866291,4.286675599949,4.612491718696,7.721981729348,4.595534904181,5.083468692796,3.556144996721,2.284863228431,3.522038385862
2015-12-01,4.182220508321,3.647288836374,4.178715978453,2.98132661238,4.339967459328,4.235487270492,3.15916567571,3.281919333715,5.226907743403,3.900252653753,4.288204641747,2.127087581689,3.13008813064,4.290843954763,5.656215354496,3.12215335575,3.174724150224,4.644422626806,3.814291293581,2.747770293902,3.006385862486,4.639832106377,3.699852993487,2.648405129035,4.272252129827,4.679714253059,7.574906362143,4.116758180235,4.940802058008,4.056468625412,2.560059805123,3.641603485894
2015-11-01,4.758036490844,3.636038088933,4.491205468774,3.199075394901,4.75742907264,4.377870267639,3.033706841585,3.403790338506,5.312849098369,4.214727890447,5.171984711999,2.2433275254,3.566342523374,4.448756217706,5.553529885256,3.264315975545,3.696139427738,5.857369294278,4.215865489907,2.907345363518,3.611194656818,4.770981874551,4.546014388943,2.625361412662,4.184217283279,4.749865106728,7.176931445609,4.367667774195,4.787009786956,4.170804526911,2.589315765062,3.341276415671
2015-10-01,5.095200399808,3.577453551367,4.771244624646,3.566654177891,4.995505807003,4.674904121328,3.167540258493,3.833765705805,5.328662546253,4.493540857646,5.303061357346,2.230173356336,4.156485649176,4.885999615906,6.078112930597,3.735399767645,3.907622633074,6.232931843868,4.713188113856,3.450599704704,3.49904981652,4.811320945009,4.670457439141,2.916638659569,4.710089838659,4.519398043378,7.186469938765,4.677203936804,4.616989574034,3.987844460109,2.792980956689,3.500274086197
2015-09-01,4.943985252404,3.855196581572,4.771808678247,3.345143892823,5.250486393999,5.064541875048,3.184800886283,3.89983237202,5.299440765985,4.840164295429,5.212175509161,2.420693657691,4.193894599413,5.141408224542,5.903405170737,3.756339598572,4.009576010863,6.765411330277,4.975498009552,3.669360329958,3.50635417136,5.503146453356,4.490657760573,3.053114800738,4.964469068657,4.685060682359,7.035218271192,5.058504230209,5.00566737224,3.725992847092,2.860913559692,3.535679126315
2015-08-01,5.01267850222,4.193158789019,5.432362324089,2.959463767937,5.199731257632,5.023309879252,3.322185956957,3.892038790599,5.051386018916,4.748913732516,4.945642255482,2.119618515238,4.401336480829,5.29553972355,5.822884895014,3.491461253275,3.547874572349,6.421216459626,5.223409255294,3.579901074404,3.248150082275,5.573841250303,3.92641599339,3.365443321076,4.873915195266,5.381478933572,6.475461257994,5.271010480173,4.814243564277,3.894503871872,2.661729381756,3.685129714832
2015-07-01,4.367233097191,4.846554987879,4.805288335891,2.417155233681,5.341908878437,4.335546898889,3.094328958137,3.574966791294,5.610032793348,4.573206840543,4.598551640735,2.150722862403,3.660617194527,5.393738748246,5.633764826639,3.180438034193,3.468961147475,6.104517731684,5.082648446874,3.126542616527,3.136191151825,5.783528816225,3.804039898716,3.098174495742,4.81314442338,5.684379847414,6.384563422586,5.132668179551,4.771169114426,3.962477789967,2.518429374804,3.280993895163
2015-06-01,4.306962290803,4.705559881026,4.767452814658,2.445381135972,5.211054218362,4.436389955706,3.252555823025,4.164924021059,5.527125299488,4.89317313378,4.448273409354,2.023530003455,3.992684015856,5.237936468127,5.756110985417,2.892384211455,3.132450722475,5.882233379831,4.987766028617,2.317463613962,3.287540324169,5.006761207831,3.637745033685,2.809596148546,4.303671182018,5.119852516377,5.919785250239,4.512989237098,4.678659214605,3.515960153105,2.340506479256,2.694998662948
2015-05-01,3.899469215763,4.499537217331,4.695222022898,2.462611263177,5.156631910328,4.616423454286,2.929275908771,3.987387709304,5.505785990065,5.106691939352,4.173538341425,2.029589733153,3.510324007263,4.720777916179,5.64121947811,2.867706682841,3.382623779484,5.296473557319,4.410774129367,2.506059575035,2.98000353389,4.589816996587,3.820860181334,2.577975778011,4.03202562488,4.612513095443,6.489890890593,4.541719431876,4.787460142868,3.165167774162,2.236018221176,2.64507883969
2015-04-01,4.230442325311,3.856923047324,5.357138185597,2.614709792111,5.512127879147,5.126889192896,3.021393695108,3.94689513313,5.354425453458,5.548879383513,4.424754809341,1.940252743328,3.544483176593,4.117363002896,5.374785237412,2.999570717992,3.082147984933,5.117816307182,4.926890831144,2.391597667344,3.227093528271,4.388624632853,3.649575467034,2.734778889313,3.36573161256,4.799853453268,6.469033519969,4.802188259262,5.007691779474,3.177692219722,2.248433238746,2.968739898178
2015-03-01,4.517921515216,4.011246991609,5.681201526296,2.764447133795,5.500430357006,4.909025701426,2.695366561105,3.546501082999,5.750603796724,5.866483559366,4.940900516734,1.835293383265,3.826492172633,4.008168351054,5.106733230412,2.930146582794,2.840574374147,4.698531093054,4.703467441498,3.191960214966,3.305513461068,3.962253848352,3.750457420323,2.838613449956,3.730767290201,5.101323434712,6.589156587406,5.10697262725,4.949381752992,3.443195623897,2.622459959522,3.690053667453
2015-02-01,4.658661580472,4.047275444796,5.632422318308,2.779340706912,5.315903924571,4.858208830793,2.822266593156,4.076745609461,5.752804713899,5.733013930875,4.656957724617,1.85557001024,3.809679770855,4.360339741811,4.81636977612,2.997816053877,2.880907329475,4.226394055127,4.471130468441,2.7126590199,3.446797745555,4.35002253986,3.859260122083,2.879183834971,3.463785615148,5.150310542655,6.388211085234,4.880220320085,4.819206039304,3.507413942921,2.7860525806,3.947278713259
2015-01-01,4.958713470773,4.60975752066,5.762194922129,2.742572349622,5.224680029814,4.627568160972,2.783119218049,4.205209294869,5.599059382427,6.067868682204,4.67038688731,2.295599617632,4.168361778269,4.564622410116,4.889343113484,3.177047613958,3.309838392158,4.252914421812,3.976807003727,2.933755460811,3.365937410897,4.944069272729,4.229801797883,2.950679028395,3.981853958558,4.951269937621,6.896195015318,4.486454155144,4.708610181898,3.374182380915,2.568572435282,4.41704504293
2014-12-01,5.380920290546,4.778005613383,6.285911662599,2.4914618545,5.220344108361,5.107233143889,2.904438285606,4.321450437799,5.925996890291,5.579966788533,4.319263347811,2.240611291585,3.396144705905,4.884885953792,5.071775706756,4.023996302511,3.325845715323,4.497804268123,4.129744025944,2.616664279633,3.377864344001,5.44749376127,4.545653107869,2.950111582609,3.837311090487,4.924524691867,6.46507526179,4.667972281695,4.445652585017,3.31922747287,2.519169563687,4.342841188165
2014-11-01,6.208571774046,5.463999604989,6.847068303032,2.746970844189,5.158781965977,5.139488218182,3.179057442245,4.673121602719,6.358847902561,6.177025650131,4.953845747119,2.216749630286,3.94660137895,5.194399754503,5.593569975259,4.24107248918,3.953287743648,5.351696086401,4.752259279963,2.927403924377,3.839712493184,6.324695328736,4.907242881532,3.332820514714,5.01961325999,5.815920267815,6.398493509618,5.093170362622,4.970352060359,3.584988159026,2.643149659829,4.683503254034
2014-10-01,6.279150906185,5.667576101951,6.785675129459,2.865779246287,5.003037666788,5.461545192468,3.433406981076,4.776990197984,6.928810038705,6.163925102217,5.378588703844,1.79306687307,4.127970119433,5.741261384831,5.79732954056,4.024602565006,4.166879670037,6.305414464046,5.188824087709,3.135357509894,4.021820661343,5.743774717093,5.059907962745,3.238223988586,5.667344520652,6.082982311019,6.161326652138,5.531459321726,5.507474333105,3.530353538052,3.283977878939,4.558170471601
2014-09-01,6.141086877191,6.093386019005,6.780083697983,2.823228746632,4.655331131457,5.095077045017,3.644414862062,4.589520256005,7.412516159481,6.249568967223,5.06426153248,2.072455356729,4.728904646137,5.9090155127,6.133912865842,3.546692356619,4.821972650417,6.865005873683,5.620854783445,3.145662362767,4.1742583075,6.961703334561,5.660280649132,3.337680674504,6.092136883954,6.812811518904,6.447437727441,6.07302066957,6.045023351961,3.825703506442,3.325877908925,4.505984563264
2014-08-01,5.829105671273,6.061351516345,5.901558887349,2.712574330547,5.165423250159,4.85963245153,3.581607150858,4.162311012056,7.147960961696,6.052466166542,4.726098179086,2.045348013946,4.630638040242,5.781217576777,6.407670267209,3.157313245775,4.394732579647,6.783449367238,5.857000599324,2.621187544808,4.29734727623,6.336542532577,5.609354304795,3.130685826053,6.058550059535,6.219638920066,6.415665327998,5.832672819538,5.959819778696,3.888778437803,3.179568166265,4.320574693782
2014-07-01,5.954981531584,6.146819818194,5.890195991999,2.932280300149,5.05732417247,4.775725634668,3.213057590723,3.673672249636,7.26215924949,5.789831717472,4.391698945098,2.131125770117,4.485749856297,5.618450829045,6.192304924527,3.591032704971,4.105739188378,6.637193440271,5.875038757581,2.668371981819,4.203449729861,6.892219168974,5.296489829944,3.317908251094,5.79709259439,5.603889184696,6.471831569082,5.911175876559,5.7216634925,4.116141555647,2.517751643452,4.605510164047
2014-06-01,5.73004534763,5.548492444525,5.060335854227,3.253723686679,5.339251142801,4.418094604116,3.293680720227,3.19419558936,6.933025492444,6.106921900473,4.620781837361,1.520689346567,4.080036019289,4.987397639054,6.544760296436,3.198157415254,4.038782149272,6.075750075072,5.424070750343,2.549035185269,4.080422426908,6.018796679267,4.488413102578,3.192536432378,5.647347814395,4.835868153532,6.654426065186,5.138540276955,5.827724230909,3.671965738446,2.277906483857,4.54268372469
2014-05-01,5.666033645061,5.42681853651,5.173731754156,3.189781576038,5.917308556147,4.171780601898,3.259104408916,3.563517324928,7.182703269538,6.14356967818,4.555008146139,1.84854440586,4.246811937895,4.857398008387,6.19838617298,3.34936599965,3.891227680539,5.765698514808,5.323983061218,3.239811128186,3.796191608429,5.885200076841,4.741987480969,2.939422814017,5.762860859219,4.901819604484,6.411499143036,5.16918790614,5.58636785729,3.671219065748,2.238961301431,4.849442216978
2014-04-01,5.845828695151,5.357438439282,5.145879354858,2.634733618947,6.214091867663,4.203086767554,3.140119213539,4.249874306687,6.508557724734,6.06104571469,4.729890922016,1.708446865988,4.141330633411,4.751861003855,6.250802696308,3.134156487532,3.989333001222,5.08620822398,5.217545686321,3.077705124558,3.941961992352,5.687184105906,4.86573958019,2.787493665813,5.404788520533,4.541907143405,6.544864916892,4.713758751751,5.856064665574,3.370939877057,2.417894836118,5.008910470604
2014-03-01,6.326910671658,5.948873417176,5.306505949558,2.662079005911,6.345012776896,4.317714481764,2.738408219061,4.867084564502,6.270207072256,5.651984277188,5.167167781853,2.057677860342,4.545591549387,5.230413112449,6.033320513698,3.24446170963,3.5057294472,4.995550256904,5.617210907878,3.381065637573,4.010717299812,4.852573757117,4.949857181393,2.798578000764,4.784832844276,5.138336279607,6.759339314428,4.834548552043,5.318833422447,3.463737243927,2.518535704919,5.520266183609
2014-02-01,6.332149609903,5.757343214265,4.693874471876,2.368069152864,5.659801174188,4.788515209105,2.669338522943,4.853275662311,5.836433101437,5.399214441675,5.235541736448,1.900476727651,4.269523674873,5.444751102288,6.004917673411,3.371794642087,3.296543772897,5.203975666092,4.997101708015,2.889345187342,3.767083740181,4.983078137795,3.952821300805,2.777072638391,4.269561342756,5.38626331325,6.428059463315,4.90314316029,5.206785202115,3.030616789149,2.470667506254,4.986818986771
2014-01-01,6.174122357567,5.483969063335,4.192099009516,2.519189889647,5.036041692013,4.636707161387,2.914853215629,4.679915646276,5.725026459748,5.246825467586,4.996807346373,2.366779328743,4.84289638083,5.151567472281,5.60714154284,3.616465013369,3.352989476061,5.01492082844,4.760706814608,3.043677176363,3.466373314691,4.991870827205,4.314219749067,2.69572081491,4.830919421126,6.064701671569,5.846828111151,5.550851740311,4.444474365416,3.391101973259,2.523136445544,4.464248260119
2013-12-01,5.837043951122,5.129076583535,4.773242049243,1.934268761803,4.966661645224,5.058039242079,3.580646549756,4.490044628687,5.273044777984,5.713955277111,5.123708207949,2.554920584971,4.921232902443,5.129854194938,5.081298833116,3.946694171133,4.255421861405,5.242429113124,4.751228939865,3.038818660194,3.490963791596,6.14952170692,4.153551962578,3.036674087176,4.841750553794,5.748597610798,5.977711226571,5.896033214373,4.767035865092,3.556123435914,2.500257671705,3.913780471404
2013-11-01,6.434002332443,5.892920635237,5.775796851899,2.48012872733,4.97958290659,5.386210258515,3.539839687854,4.781704371619,5.433374438893,6.413866433429,5.440795420231,2.779797538442,5.491277271112,4.951228914329,5.303874188667,4.914663705495,4.637760103867,5.49855369643,5.550749624775,3.444052657732,3.841576338985,5.665473543656,4.767951092974,3.511291124934,5.275872145574,5.485227598528,6.837587598305,7.133208972566,5.319297945432,3.917259016194,3.209818306524,4.208135667755
2013-10-01,5.998580841687,6.296087460204,6.185533640298,2.497732084245,5.572791964511,5.638124308357,3.351599769172,4.997797654458,5.686083507952,6.796173195024,5.784731922408,2.813481084873,4.76991874255,5.567640031181,5.662345717709,4.400560034084,4.99240134628,5.721757946237,5.663951646437,3.278729848535,4.593078434413,5.553037578275,4.406419808972,3.685522525222,5.246027860438,6.230389460693,6.845235643338,7.338204760234,5.847662799484,4.243994705515,3.293338228218,4.760459441247
2013-09-01,5.949585465993,6.438680588718,5.81667337538,2.552670630013,5.791029128971,5.248227698989,2.749067982691,5.159821216888,5.668293543625,7.116480959937,5.669889757617,2.909556989737,5.073877974774,5.622109291178,6.042983850946,4.606968481181,4.313706013622,6.057108877126,5.840714639298,2.842916186439,4.42236436075,4.736930432032,4.225610894554,3.477333917239,6.173260000961,6.232481262123,6.585784313392,7.691352276113,6.285669096335,4.203004354003,3.432366589246,4.534948532125
2013-08-01,5.040134454428,6.154632063368,5.663405533801,2.256212649684,5.791845932424,4.714309877931,3.164408171675,4.809452899029,6.079877704879,6.635614929247,5.943548539244,2.943840475721,4.645664266372,5.421402999788,5.924438484274,3.571715731271,3.970183717998,5.548706140488,5.585132573728,2.395244819273,4.237782672893,4.910045317109,4.406497219173,3.346405895614,6.025275051577,6.43389616157,6.676207820023,7.052150781321,5.889583367957,4.440157470433,3.366330554876,4.579808634068
2013-07-01,4.741590990201,5.563255723188,5.927094823482,2.589610396295,5.919460050009,4.295528307676,3.164823715343,5.435547681529,6.213769089297,6.023981318148,5.946097599794,2.408170652331,4.845223492749,4.849919830594,5.904185638071,4.20184217006,3.677778124438,5.876585932964,5.630703953508,2.616654607128,3.594074201638,6.223347376865,4.426681351879,3.463549074598,5.838593201078,5.738280849983,7.33915503932,7.032472441324,5.904169895361,3.726847471562,3.2662402859,4.049465052836
2013-06-01,4.758346129389,5.26741005796,5.766162840436,2.612339541381,5.93577775413,4.873629319299,3.044281883142,5.792749702714,6.838641943726,5.223060910257,5.791397399555,2.221341664782,4.513909205518,4.511085101083,5.782914054426,3.995739700248,3.731250513134,5.316600537383,5.59943086518,2.685342638787,3.918781818384,5.927093875672,4.766032823457,3.762433924451,5.06974249293,5.532146209628,7.103380647615,6.25981832362,5.821929950545,3.742833476841,3.174621609011,4.92964709249
2013-05-01,4.967298173144,4.615744558997,5.340426115158,2.68296449791,5.786191586523,4.842135535344,2.494924232072,5.801246237195,6.663712632123,5.300295734356,5.398685260057,1.821032831625,4.431786079251,4.422309929272,5.480950420334,4.167978264448,3.717500159275,5.236110854538,5.744553093741,2.836263740686,4.168209719651,5.60796607617,4.446037654351,3.675751871241,4.694032090822,4.845453627215,6.568298279958,6.803494908253,5.909768013318,3.123660259254,2.930118634499,5.20284930733
2013-04-01,5.409361152093,4.328689870364,4.778610857172,2.300956665721,5.3775950445,5.286149337422,2.428505911216,5.632817745406,6.37795759026,5.744766196395,5.604177717164,1.984720605379,4.847143279286,4.22339277455,6.016342259079,3.673321323371,4.047143928345,4.722643770434,6.132413602035,2.783275614508,4.012127544341,4.643750804042,4.374171059157,3.65823447824,4.18176268926,4.578748228772,6.151442479216,6.730521559098,5.445293333745,2.802424179151,3.028074999791,5.317357771878
2013-03-01,6.206254646498,4.375255457099,4.657746276095,2.448265568809,5.520373605377,5.623984140001,2.432364081887,5.357090671633,6.295231722904,5.985521296693,6.275676327139,2.057311846129,5.299623222688,4.353786545683,6.283016352216,3.622940684073,4.090175001716,4.745134373357,6.470953833332,3.006480006279,3.903012232272,5.189582490828,3.966664930451,3.322496951818,4.121070455225,4.733147215713,7.17035718261,7.321834121545,5.639958080364,2.781641076453,3.313869779935,5.395699985229
2013-02-01,6.235125755304,4.890927793905,5.014524295921,2.50332479705,5.056271850478,5.940157752794,2.496165959744,4.921248283614,5.961437283944,6.156036326506,5.886725883084,2.477649193539,5.482101342921,4.404342424313,6.692361460387,3.79217299518,4.297470969073,5.274562964272,6.302318766769,3.134694601945,3.580986406074,5.845642576398,3.742109538436,2.99405496196,4.244765111378,4.949540472196,6.877520941759,6.059895304308,5.706015337972,2.723165476505,3.012995678246,5.197013654998
2013-01-01,6.345132945269,5.74060471281,5.481416039465,2.405407929191,5.889248960736,5.999087503957,2.246787692066,5.408518015041,5.961654980856,5.846401976487,6.105113856091,2.850066689691,4.973550730789,4.897860024104,6.410183912229,4.095749016524,4.019596026085,5.910531898539,6.132127404879,2.841189184992,4.193067173491,5.486770681962,4.014345060235,2.902326091364,4.354381177559,5.724019947235,6.54888977452,6.062727324528,6.201190784587,2.55813761907,2.986016325996,5.493533457878
2012-12-01,6.042383238233,5.780499737238,5.587403674738,2.090492720654,5.668275711809,4.828134215263,2.478545038798,5.597706675066,6.037938116199,5.6037998108,5.604683054138,2.791004027239,5.190221698169,5.313503704524,5.682750784883,4.079504831019,4.018510167292,6.176993745771,5.496699790927,2.534025188715,4.114039903078,5.756967748698,4.279058680465,3.015508028559,4.744262868688,6.168893447496,5.735284648703,6.135726499223,5.84453544399,2.500942997867,2.307166965563,5.390991389246
2012-11-01,6.189629515321,5.935161635615,5.498974117225,2.010721072608,5.846767778408,4.654870161222,2.312502527689,6.904276811386,6.081716578171,4.718689310623,6.206110348207,2.165253088137,5.060521424981,5.316008354871,5.782365966545,4.0195618501,4.035564564152,5.860704989449,5.629379686054,2.500617317039,4.030698201936,5.324505175642,4.660255573468,3.596246886205,4.672982861906,6.665178080737,6.306228918161,6.57633604923,5.924306831739,3.578967423402,3.010249355029,4.985053700139
2012-10-01,6.231232628425,6.115605510765,5.284510134042,2.206444707393,5.004774069114,4.469458296889,2.53261777474,6.458482133548,6.425394101309,4.711137725926,5.963200198403,1.663743472141,5.954202200067,5.386016537758,5.963976305658,4.239562746897,3.890215223175,6.005994314727,5.644919751743,3.002636055938,3.687397039716,5.485250440594,4.624961543828,3.589544327087,5.286453985065,6.628106106396,6.006067308404,7.061025860688,5.796261718797,3.944677442925,3.360644936041,5.117560700277
2012-09-01,6.31049468223,6.940521423672,4.819062346074,2.278429778801,5.296781170051,4.768067816621,2.396601232523,6.52833429403,6.381425810272,5.415200775782,6.064600831388,1.649757059971,4.585058892661,4.827066368164,5.927911144784,4.308379649342,3.687032500593,5.779630192693,5.79843019251,3.205999666182,3.786975245204,5.004456677431,4.763403940617,3.590771405421,5.054617068817,7.309685214282,5.667700962562,7.34985528731,5.716332506426,4.014618653701,3.603435778045,5.069965773697
2012-08-01,6.387908105674,6.982904564797,4.979535956832,2.056188052119,5.119427642239,4.698446931794,2.322611562596,6.489100427136,6.686351035114,6.204978077255,5.935580397869,1.817839459687,4.839921057457,4.85351551043,5.867347948604,3.760123662868,3.505360659144,5.622393603335,6.016312410235,3.192010851983,3.99613815353,4.531784465251,4.741874000545,3.273179892263,4.791421360599,6.91669546414,5.32608479386,7.172798368375,5.813121465286,3.665213684921,3.146038084024,5.279712716672
2012-07-01,6.276046649442,6.710877383142,4.704468248491,2.09093442426,5.577723134219,4.249813674827,2.168583161702,6.297304955109,6.665479462839,7.224285875089,5.758578412843,1.828839799309,3.997486654719,4.009942276574,5.825244400769,3.05673138784,3.172079031852,5.040256178055,5.847881585311,2.657214606367,4.063683966964,4.511834680152,4.102443277722,3.44342199303,4.366427362068,6.233743991185,5.626097401075,6.860328042265,5.866934321845,3.569156271554,2.429377224145,4.573229004579
2012-06-01,6.071702782796,6.223619570172,4.86721343293,2.281608269145,5.514663787595,3.975282370533,2.172400980419,6.592926104888,6.327272899191,6.59243867454,5.940257650566,1.521116521536,4.624185441044,4.589250785254,5.837495810917,2.991632284424,3.107949200195,4.976023708869,6.332714091176,2.370547284214,4.052583718223,4.152187711385,3.982524440669,3.072045697119,4.084104999977,5.269407795617,5.97439245739,5.985892092711,5.916455863536,3.423791403762,2.250792216922,4.958127201138
2012-05-01,6.173607463865,5.825016782455,4.317204623691,2.144103992524,5.79688394491,3.8727803408,2.117008829616,6.963757788875,5.785785533673,5.631550156467,6.225672823711,1.792175747551,4.731404151126,4.311491357197,5.76411603489,3.230846507655,2.910665465878,5.191713241975,6.064943296175,2.149940321349,4.023599976086,4.810313818063,3.472104089554,2.959629541414,4.501769508527,5.661287188418,5.766162964563,5.842215726141,6.28738835926,3.065859687092,2.081661727849,5.535888651221
2012-04-01,6.690225235331,5.72525469089,5.054116004944,1.945674576987,5.971553039029,4.1142325628,2.029489446818,7.142542135682,6.143815422198,5.571311942357,6.929549252871,2.21851717347,4.96698317744,4.925325386695,5.935095411779,3.672463582391,3.305855557615,4.935904037169,6.2443835503,2.270675679721,3.799228408636,4.690143385843,3.605025123694,2.597069882661,4.453646368277,6.288580342435,5.590419288738,6.053616809559,6.05525738787,3.072687557326,2.415370096846,6.218341625993
2012-03-01,6.68577975881,5.676462330679,5.606099281038,1.940740680409,5.69068714185,4.259641087396,2.107597091353,7.06375368936,6.044740392185,5.220657612195,6.840968615858,2.584740134279,4.560231068517,4.388060747209,6.247415904749,3.3136483956,3.278938121708,5.003128779041,5.586759016384,2.476111284295,3.797379990836,5.258195824512,3.559665455236,2.909042542013,4.510706653345,7.039580796182,5.264026591522,6.733755472523,5.723808143276,3.358530801385,2.794831616737,6.539077211713
2012-02-01,6.535950833068,6.348673460995,5.434780700345,2.253994241688,5.99908947619,4.522062281948,2.206972671431,6.788874979611,6.304486615839,6.161810789929,6.426996593647,2.32801892983,4.185633399788,4.752448733503,6.118234902143,2.899953785747,3.223803819994,4.951623209625,5.342125419056,2.615372289514,3.865413312737,5.516760360885,3.617357933049,2.979461693509,4.093120159161,6.651464290373,5.231212316417,7.349271258271,5.243967761549,3.292936800577,2.757903928223,6.08053611649
2012-01-01,6.512756653693,6.709884756814,4.863746418802,2.411817843298,5.876942630968,4.439304229033,2.318581324576,6.200058163388,5.952837829928,5.27723922292,5.530190871587,2.317842280485,4.535394583257,4.892698683196,5.936197212193,2.496781461688,2.755479599815,5.15300631733,5.078643241051,2.853054280776,4.271739634716,5.452985971365,4.044739711278,2.991153619991,3.849187219474,6.642155754234,5.475085342981,6.893407299145,5.546948676104,3.315426171575,2.750930501334,6.15482225389
2011-12-01,6.385058950553,7.00224409522,4.367914595167,2.715475847201,5.660725488665,4.423137502447,2.228432377172,6.102739856751,6.040827374535,5.36920147069,5.138374114216,2.096832807518,4.124964533816,5.273010253346,5.962189976741,2.697477066726,2.629938215655,5.228154076637,5.528080465894,2.903945468641,4.165290649327,5.299282680239,4.092315266908,3.224581158273,4.495526902222,6.1606194123,6.089544749276,6.797057357337,5.869901598911,3.232860454881,2.362320280187,6.025130415285
2011-11-01,7.108563814034,6.789705536411,5.754121917059,2.970088586222,5.873809557355,4.1085277404,2.362830653433,6.639289024635,6.125710289829,5.502132216809,5.426579899094,2.769709225074,4.544518899623,5.400869482488,6.157749485699,3.365143873012,3.272770297101,5.404697558234,6.247041249635,2.800325549755,4.596007892749,4.928081711061,4.54252642259,3.813072500348,5.697172949789,6.346185261069,6.392691300128,6.527789744293,6.393558790983,3.758995536179,2.617612944618,6.503239477723
2011-10-01,7.575115591346,6.690296862521,6.543479473971,3.206427361582,5.846850874029,4.820834649445,2.348817415548,7.194409130078,6.670122914833,5.955148076223,5.777792378235,2.536184077754,4.026632382001,5.445466894522,5.869502618882,3.549409899841,3.546963081299,5.489853420808,6.39824450301,2.640044502894,4.634992300174,5.347030755479,4.89011177511,4.630058939154,6.056857455144,7.134874328999,6.985104222115,7.355195233383,6.818151729009,4.844669161923,2.892535103897,7.427636380594
2011-09-01,8.257312642639,6.149472908509,7.394240961391,2.997178389034,6.379095565982,4.827816800646,2.397067107729,7.756674557409,6.991124035523,6.228993769605,6.029280350405,3.147827491288,4.401642579616,5.47608764598,6.223010844395,2.982998688916,3.702695656905,5.882373951413,6.598792746325,2.628615794008,4.730459017874,5.712911114909,4.779512512322,4.635966450742,6.149063125117,7.318990377702,7.108815551514,7.91059786824,6.644187760081,4.934964222674,3.054924813232,7.115854165982
2011-08-01,7.625429029499,5.948853257527,6.739310531377,2.875279811526,6.202727904189,4.848498978534,2.306798723125,7.236235734503,7.15168371261,6.566706518202,6.020961651829,2.812536275252,4.148938189509,5.52456320137,6.748108357208,2.761217155058,3.385830624786,6.08291600627,6.568610929464,2.715279373344,4.463395703209,6.043303869965,4.934410943176,4.441922585578,5.70130934401,6.951098872095,7.036072704341,8.964610776382,6.54465552682,4.434679835155,2.775250627733,7.463127898384
2011-07-01,7.129834939784,5.104337060838,5.960963051938,3.368819335207,6.36131017101,4.119741495769,2.304331547867,6.667457897331,6.552021798197,6.488867268611,5.961297727429,2.952701464387,4.519404067437,5.640777455261,7.084630560157,2.410064449855,3.32935171173,5.555639440395,6.617604264272,2.749376078097,4.718789905554,6.573379474125,4.487296731532,3.976527790848,5.700320381071,5.703748207094,6.723811869065,8.465428894382,6.145292870351,3.561709631904,2.606550171731,6.604213814563
2011-06-01,6.287037064173,5.579828419432,5.613812649731,3.743889259584,6.290459564941,4.537887180392,1.988720244843,6.426921680929,5.964787461305,7.173621873516,6.044285819792,2.409057476868,4.958112529156,5.705400670628,6.613181860615,2.840750096897,3.431190360274,5.137915383038,6.042990263535,2.656812010921,5.194453281854,6.612791888655,4.477384822053,3.973357552471,5.249415298571,5.771809245661,6.343221355648,8.402397090758,6.611318655974,3.591966447062,2.449663980247,6.412103338526
2011-05-01,6.169796604313,5.465861788484,5.580716932172,3.551026521521,5.708473293635,4.106828910183,1.855142708069,6.372334518269,5.7412907355,6.53255697323,5.737182371641,2.386452515031,4.422932434177,5.38923460806,6.101171950584,2.862226810651,3.32465063091,4.079687904843,5.753122414136,2.801048401473,5.077438122741,6.080428736706,3.956000266639,3.948835594183,4.603097821382,5.978402902281,6.325600122908,7.262549581017,6.700657738902,3.689167076328,2.422700235524,6.33491902177
2011-04-01,5.998083167409,5.872061303256,5.912033176558,2.864606897334,5.418075867245,4.201980542006,1.778515209648,7.212418218104,5.853066280094,6.426280070591,5.998577226803,2.067318720716,4.443757584102,5.218857852623,6.089771181598,3.105216534289,3.503964388534,3.922664498358,5.644417672318,2.948525036036,4.626231629011,5.684533141263,3.891371553517,4.078615037248,4.524418123574,6.811854208695,6.196858638733,7.500421884699,6.838501072082,3.955678345284,2.583266649175,6.721788505825
2011-03-01,6.123687572529,5.429910984698,5.910918042652,2.404900797593,5.541237473545,4.171486388274,2.02742511555,7.446712135376,6.327197554284,7.060807571758,6.43558404886,2.046916029011,4.568899130697,4.803115837539,6.038790073244,3.026261700879,3.539251892178,3.907266094282,6.234532680484,3.356741078357,4.307827262145,5.795969245996,4.331011904732,4.119359158723,4.54699803866,6.839697546802,6.550954010313,6.67495664853,7.384237172809,3.99807387914,2.931298563356,6.866932359137
2011-02-01,6.555556722609,5.309783519701,5.062687212436,2.363950400275,6.153581386213,4.913183365895,2.453488705911,6.60395174885,6.111679269488,6.540915302588,6.972276773814,1.831030703363,4.632371347793,4.898927288485,6.44647741032,3.168099966284,3.315748829102,3.900730002909,6.18639937755,3.136518489739,4.554483394106,6.373076148697,4.72913158311,4.021929268996,4.263217862657,6.804927895584,6.71967929345,7.153308446392,7.232620419591,4.286917515886,2.81414667696,6.323432965802
2011-01-01,6.714011797096,5.151892869563,5.012651592822,2.514902338123,6.910422051566,4.86281180872,2.722904536063,6.530658322122,6.081354217372,6.933072396298,6.84871400209,2.182561086787,4.322047837985,5.147141998515,6.233274608533,3.02352106676,3.699221586404,4.18747741181,6.173802128576,3.0141780446,4.254833559051,6.677546374814,4.790585354426,3.796874059274,4.018863135066,6.702580261891,7.380214620603,6.998802482258,6.89286212291,3.79500648378,2.57922134603,5.443560562874
2010-12-01,6.952601383417,5.331927922952,5.679588033563,2.708936514386,6.915688429237,4.409833979731,2.770376744902,5.53437798882,6.445098937673,5.623352176706,5.788565326453,2.10245342544,3.93486944355,5.486396448374,6.527298257765,3.493494226868,3.878832039277,3.816874171104,5.78040274004,2.574177242481,4.151171133427,7.137844081768,5.06052354665,4.261671675338,4.06079738802,7.542174178775,8.173771192901,7.67747905081,6.573710297604,3.779031766491,2.471221664352,5.142773731236
2010-11-01,6.644063530368,5.723259192416,6.522191086771,3.063895315839,7.763102708207,4.219275619087,2.738353953471,6.457301309477,7.211301626958,6.299995857924,5.81435309483,2.275349731124,4.287526783749,5.589142691395,6.903102231138,3.464480928449,4.655394907472,4.592489097856,6.014238216216,2.53658069212,4.033839266974,7.212918935381,5.14008762581,4.27665366853,4.259323979642,8.006172548213,8.410369374095,7.859722904714,6.791082853887,3.256199550726,3.139050823602,4.67155103477
2010-10-01,6.8351817864,6.02624681611,6.592343652769,3.421158908597,7.312079112793,4.45278029051,2.918718086147,6.799405279024,7.039868304695,5.874112444755,5.689868631403,2.207523521449,3.967076864335,5.619266095633,6.988403972977,3.878950333084,4.517968822709,5.000831490663,6.051680051973,2.411775659036,3.942799584882,6.561953713807,5.799847199542,4.078041176959,5.050220025564,8.637187655065,8.838140177134,8.290192971464,6.910553210804,3.440540446878,3.660147439361,4.550609128716
2010-09-01,6.348468797711,5.929732802067,6.395151523455,3.630771836901,7.693682999623,4.87522532249,2.853220462334,7.716383747195,6.85197496745,5.759197446105,6.514132012279,1.918020508576,4.619784093064,5.799311786337,7.120047215839,3.691713201591,4.301480761162,5.092250459993,6.776077336218,2.136260332548,3.657836148171,6.326338244531,5.281045488711,3.645651461642,4.943736653066,8.041986031852,8.032081800158,7.984080228386,6.850484833987,3.790565671279,3.562949995545,4.163518458577
2010-08-01,6.487513109721,5.582778637883,5.777973072874,3.42316851281,7.539671295804,4.468748223263,2.818888256072,6.693170270668,7.353071337134,5.078885948267,6.219933591785,1.759910056222,4.225331590821,5.746852810199,6.370591814194,3.462886792825,4.037597759109,4.417466201577,6.570459400881,2.040529605991,3.458923605877,6.353633395409,5.558148315928,3.913901186907,4.785717631833,8.11837356404,7.634545948591,7.445611129075,6.410506438235,3.544394416422,3.117115967793,4.266654590493
2010-07-01,5.805050913453,5.673168367813,5.479407164354,3.295500583244,7.492184424605,4.706432499852,2.524784027504,6.692905285748,7.457515311479,4.678546178321,6.093102662179,1.319807255814,4.600451974022,5.415490215666,6.253977127386,3.118244507956,4.362260017635,3.876455708358,6.635415522099,1.806176796607,3.760733442385,7.319239458729,4.847062588619,3.865220111648,4.418738468277,6.937109531811,7.004855202765,6.934808818281,6.19697967166,3.477266899142,2.682998045441,4.491813834692
2010-06-01,6.434793405507,5.303114745774,4.939375875806,3.366348405472,7.861546313443,4.124858100274,2.581721800843,6.64920162387,7.39690167013,4.596625911771,5.837697439064,1.533249446446,4.319534509985,4.889852420433,6.110715784111,3.798342266489,4.508338897946,3.797375417312,6.500687468735,2.063362887361,3.913620347418,7.008855764227,5.355271148303,4.067191995289,4.536030968748,6.213265266084,7.028095063167,6.73581788347,6.426143657543,2.605115741112,2.726742738016,5.066857831405
2010-05-01,6.657314191436,5.350964117539,5.731667614863,3.225781094526,7.671026578943,4.221618161066,2.350635800974,8.243966095117,6.3171459941,5.126410603323,5.817735316882,1.8288133344,4.050198874227,4.584633550331,6.118227749181,3.805007306436,4.217178594996,3.690062234635,6.412461668782,2.411546094748,4.066112189553,6.454941467834,5.068578466351,3.838658035092,4.611769169707,6.179917684568,7.499916506758,6.178007057056,6.355081127622,2.756113981721,2.668992742915,5.335025198794
2010-04-01,7.258249762318,5.268753813216,5.772555784691,2.776393802306,8.267079994504,3.926053231979,2.32860991354,8.434626803401,6.268293566725,5.334378465656,5.503623800896,2.038680603649,4.072746914763,4.679667693823,6.366798440183,4.234935966059,3.69476536994,3.793385595103,6.887150300477,2.640835265875,4.106565508145,5.882373685375,5.206292764512,4.244352720068,4.200234317656,6.746697985584,7.242585635148,6.173621383308,6.865961306946,2.712691491154,2.860990889702,5.705571651233
2010-03-01,7.549694824589,5.763955479936,6.214982081571,2.625374768581,7.922169816294,4.422534433639,2.314749265559,8.644547650958,6.360998140771,5.352646409682,5.551579923599,2.282457447373,4.038218579414,5.106029613643,6.917781991258,3.164047575727,4.203105375238,3.648513581691,6.863359743106,2.81162918233,4.321075976891,6.575115443751,4.824426963021,4.145401735393,3.716517677751,7.540798588659,6.962121236732,6.1916805647,6.490687712183,3.180366615473,2.889403926552,5.902528898514
2010-02-01,7.286357627765,5.739321033813,5.203518620555,2.789551034743,7.487902041279,4.634533558209,2.469249321228,9.178966025253,6.466538465007,5.184267884405,5.629131895017,1.815740456847,4.868425677747,5.293509054562,6.64709744082,3.356808680454,4.326754674828,3.666452648092,6.742582605664,2.530293012705,4.160646893019,7.926430335338,4.912357848807,3.894946111469,4.122140490982,6.954066569736,6.469505895811,6.90846668808,6.474368694877,3.156237285115,3.149882474664,5.587430042985
2010-01-01,7.139541718164,6.113371454807,5.408130026944,3.472407561045,6.892273792593,4.650589876041,2.771478058109,8.660860596937,6.339993249054,6.117546642541,6.088120921824,1.911815604459,4.810021797486,5.03819697844,6.60444011246,3.206124024317,4.069517368296,3.241314876354,6.826443081684,2.385936998434,3.546156583114,8.371805452706,5.141482630705,3.883234114582,4.674797539788,6.545512102956,6.22177635331,6.09174628279,6.129982727944,3.415527461356,2.834808901057,5.227199661816
2009-12-01,6.776776441473,6.560870038321,5.639838807595,3.420525092913,7.113197470097,4.255008220516,2.606859301845,8.572983291438,6.347925945933,7.114086021955,5.787272141865,1.905293279222,5.61763664323,4.718677618249,6.599523891484,3.621541630792,3.497144243859,3.733357031555,6.595277443514,2.01891444546,3.513414003474,8.113438681639,5.554370125093,3.706996704397,4.99839283894,6.288420486049,5.913698651165,6.4240126595,5.916286261701,3.127196481303,3.094320087933,4.611534918127
2009-11-01,7.223446435373,7.54765869606,6.384342578247,3.526322225359,8.051528936454,4.700922791918,2.858599765626,8.749281186174,7.338692416819,6.948220885139,6.780006233493,1.849693487611,6.53147756015,5.26423912156,7.687016762375,3.504106291798,4.146585646194,3.772906184754,7.594388774861,1.996715971906,4.043942874953,8.245606458162,5.936430032351,4.181696709901,5.75341946392,6.97834911432,5.553224578922,6.499772245312,6.807237966051,3.184102061065,3.090703591834,5.150190960514
2009-10-01,8.046731377903,7.857727951528,6.700329056591,3.005145348222,9.222415720984,4.674765870678,2.684391902747,9.246560492933,7.785546767223,6.81732330231,7.470864413126,1.923085868439,7.126597076301,5.459155381182,8.096310683338,3.479673276156,5.16813569767,4.393099145284,8.073733389425,1.810485645918,4.72907499443,8.017661582024,6.26772585821,4.621526077059,6.189967765322,7.25961166659,6.115229018476,6.85354613228,7.535419150066,3.214560254549,3.5074627491,5.468889078635
2009-09-01,8.139237618794,7.540681198544,6.235758655969,2.64172090928,9.646771316602,4.886915753512,2.664557321861,9.540939697937,8.317227128461,6.63096321007,7.588386678302,1.917165298358,7.121007536723,5.727263646195,7.651729991534,3.321008368881,5.178158995322,4.544553016973,8.277772204127,1.651254207554,4.995356421819,8.413927757005,6.296187853149,4.962490291825,5.884831401284,6.976305272546,6.67794160832,6.738149845286,7.811715255309,3.375355731082,3.411068478547,6.018458405811
2009-08-01,8.107643727697,6.348678885063,5.908513177298,2.555085116407,9.120328299044,4.595740364083,2.421296018416,8.307788508882,7.384265690782,7.063576484101,6.444582638125,1.968119015208,5.603973157324,5.528597462008,6.984844898667,3.238882566172,4.634583481534,4.594542309629,8.00513279882,1.761667604732,4.690247736158,8.191857368955,6.117902892139,4.669544447953,5.018741724053,6.274985701253,6.823365848144,6.311475755613,6.897783794926,3.18561665175,3.525424229391,5.375551758647
2009-07-01,7.526175666601,5.619803649103,5.45820913438,2.433237190144,8.156365896958,4.208503913033,2.037813872612,7.708540915889,7.246289772482,6.507018323505,5.271789012684,1.732414434615,5.397397100737,5.061065489456,7.223997891053,3.507287795552,3.586187797764,3.970426903924,7.359851084565,1.882698354831,4.428485647592,8.338969805638,6.049619551511,4.050912150231,4.343432998746,5.742102366701,6.184036895007,6.58089325555,6.315889109354,3.017917013451,3.20464505788,4.566421924028
2009-06-01,7.261632507821,5.557528176354,4.932406581704,2.838203894985,7.683133973255,4.21526174428,1.805034659336,7.215454261109,6.7680834267,5.661207626343,4.905606174816,1.550996222545,4.849136132915,4.467443243458,7.31183713809,3.984650769122,3.179684314793,3.41074923194,7.092754827177,2.278074738606,4.2859402721,7.996864141711,5.430895055891,3.467273038613,3.996692077782,5.389036132304,5.541881257761,6.191190961219,6.519458070035,2.666337948311,2.711285469133,3.941996239297
2009-05-01,7.195877475746,5.772490346366,5.31440127045,2.549347590765,7.557281499702,3.875597658334,1.593061755159,8.033849315253,6.532389892039,5.743594792131,4.78349783592,1.57948571381,5.153947722001,4.290044378199,6.960567607878,4.426913229417,2.910780090893,3.055648933349,6.661594548896,2.225993328565,4.044853707622,7.385014078556,4.733162988785,3.567402156454,3.537369131605,5.614013465431,5.336296466274,5.970313728182,6.39145635225,2.914239136617,2.541961031092,3.930767954906
2009-04-01,6.9626457112,6.137600132836,4.537473937521,2.486854557759,7.836722188031,4.028626277171,1.973319763848,8.616400165763,6.290115313873,5.979501533346,5.470435735039,1.700867098202,4.330372075239,4.792062735846,6.546484556376,4.141509954995,3.102296000597,3.246939044713,6.896864091849,2.460073554512,4.819812562365,6.758474689267,3.68232622209,3.597690033325,3.042749953025,5.30505083151,5.11416547886,5.52556077513,6.543037227922,2.610995526193,2.601897343864,4.594073365583
2009-03-01,7.3898048675,6.357049589744,5.296195682889,2.185406750026,8.436508113649,4.128101682959,2.463163281509,8.243558750084,5.617234043432,6.38307802548,5.795398084086,1.604603463243,4.78477161176,5.309640294678,6.333916348243,3.296186349297,3.421877510091,3.084343174928,6.958603068484,2.518429446728,4.638660955314,6.059139181029,3.468466495375,3.867211248953,3.205711391741,5.405194269928,4.922944520056,5.754538664109,6.095504249168,2.632606731881,2.849490593855,4.619849473828
2009-02-01,6.842633385967,5.918586216972,4.438383370119,2.582346486078,8.135056872599,4.053011237082,2.907708555555,7.126168488018,5.721086900211,5.525464690996,6.213854432282,1.714604177381,4.818189289131,4.750867569612,6.284583638335,2.484448049965,3.826520226493,3.302254749485,6.338564212359,2.305694020443,4.489342093819,5.35238058847,3.314417310779,3.707499986529,3.347372199502,4.871780169027,4.433370688375,5.671744766247,5.869815180065,2.162654456155,2.65013230443,4.323070460764
2009-01-01,6.301162753426,5.229631222388,4.701259488996,2.508696682651,6.952777593628,3.781445905564,3.14352810774,6.628010439437,5.699255052854,5.732873685959,5.428266122655,1.540895961414,5.647149251136,4.191466479917,5.762935243301,2.420869085768,3.893371907428,3.25733973486,5.319924943304,2.315443810017,3.629312294608,4.772087787089,3.61489609693,3.352283653163,3.45970769749,4.637257268237,4.717436072452,5.249112379013,5.62649134878,2.369239099695,2.315647108637,3.519709029769
2008-12-01,5.622471771302,4.350815659557,4.181953845341,2.303767689086,5.693401345487,3.294281955043,2.873655034003,6.905918283087,5.692743949238,5.396362516902,5.497952308544,1.496377308505,4.635532818124,3.85588618363,5.177194352431,2.866175303954,3.661160644999,3.482332939527,4.352042770131,2.076933595822,3.139457001284,4.052808396657,3.778356158433,3.290647978881,3.484183885992,4.379333871857,5.709349224739,4.852596898853,5.194949220462,2.317972958526,2.212301357159,2.940861392366
2008-11-01,5.943651261449,4.206738918677,4.264965615736,1.932494908252,6.116615631618,3.274376583182,2.603887789105,5.953903557327,5.676498449466,5.382430793525,5.218020372536,1.254001191596,4.597363192604,3.873871458557,5.01297922667,3.205410620891,3.070088547608,3.590598183491,4.494097928957,2.744033901757,3.587959198851,3.796050429114,3.994067425379,3.392153642472,3.845375211089,4.194919099187,5.984286630149,4.956652605413,5.865098387413,2.734753093543,2.390765373159,3.312558579046
2008-10-01,6.224041717174,3.631559046172,3.663227868823,1.776972414696,6.002559916683,3.086610238635,2.357261012221,5.018633919634,6.018532484432,4.167399937456,5.138427973878,1.184380016132,3.513757607203,3.971462816245,4.799206690593,2.872378680541,2.991086182417,3.704852236339,4.504689601323,2.559844873845,3.7018427653,3.782327531341,3.934981326072,3.693836338476,4.279215159786,4.703655245605,5.598221970035,5.044577139846,5.780921584199,2.713899279941,2.437888647268,3.382312082105
2008-09-01,6.200342894694,3.477001805952,3.128004158817,2.074320995682,5.881216645639,2.797557826834,2.269632165236,4.643591642199,6.365961887618,3.631461580818,4.781490084797,1.210135795889,3.341597857116,3.717989506839,4.905546402221,2.881902862478,3.097363213814,3.581121134602,4.918911121771,2.631068218484,3.733732933699,4.07585014312,3.722831256771,3.680347906112,4.976091970757,4.238909244277,4.369290237694,5.069759794683,6.145058796603,2.721841035287,2.521755469315,3.920579982409
2008-08-01,5.507217713135,3.20510282505,2.690458088621,2.215021970927,4.922595862139,2.55331790043,2.181604234485,4.73781013874,6.308502156284,3.653599294437,4.237903698772,1.283765572957,2.721544133429,3.754511029604,4.652214393741,2.901883542545,2.926819491604,3.214487026295,4.786648253136,1.94089187805,3.245387757499,4.111509223689,3.405308418199,3.263706267178,4.173447200159,4.631925275107,4.015977808929,4.839445593117,5.918419673205,2.197789707186,2.146081824779,3.555234244954
2008-07-01,4.770649786325,3.098684407485,3.01916037308,2.136100657121,4.961357253214,2.389028606891,1.801149558528,4.457460656413,5.620472892842,3.240272947347,4.013859010826,1.230923404397,2.694606816885,3.43975528295,4.513601156578,2.633716251665,2.50287519867,3.091691103848,4.582196261604,1.920437364225,2.91455749839,3.676705722744,2.964987240194,3.051466942269,3.558854901949,3.996711755177,3.522488044019,4.756145016126,5.744402222907,2.10275631619,2.360358212864,3.644592942826
2008-06-01,4.871073771551,2.650292469022,2.783560492424,2.17566400798,4.8086444636,2.16727481167,1.802656384126,4.033702431412,5.228062292609,3.821861815943,3.812858922241,1.110340754797,2.752767788466,3.003906010413,4.3458725303,2.616421862099,2.238370712967,2.490231446645,4.086014167695,1.910545357499,2.827656120593,3.37432885639,2.606367229948,2.551094573762,2.616446035646,3.871466592148,3.893395006106,4.30392339634,5.302123891468,2.019196830973,2.243884999243,3.936714788199
2008-05-01,5.056005035847,2.641922294591,2.686862251664,1.817712563673,5.469990177429,2.444598664528,2.017611200282,3.667499569945,5.237457819642,3.628518388429,4.513222414424,1.05097206567,2.754819271947,2.662128186008,4.441782752202,2.999834820211,2.435168501066,2.73705249001,4.022305228764,2.225724647327,3.097735469597,3.385372863601,2.696975834025,2.63784369255,2.536744497919,3.257446517761,3.776944353859,3.849299087139,5.226939374043,2.511801529975,2.304025855406,4.340071244606
2008-04-01,5.534928027378,2.461505099359,2.854183731798,1.975899708186,5.453324823175,2.697005241089,2.487876341444,3.783856777452,5.59618513475,3.860287535055,4.521970951046,1.265471079339,3.851836669312,2.932389126253,4.924097280382,3.130576171899,2.844007497872,2.496205609368,3.897017468016,2.026462435677,3.322851835155,3.693289954371,3.085908101077,2.276483707068,2.30352287915,3.536406642779,4.19978702843,3.770122534768,5.430763774288,2.646546896694,2.071214064649,4.512966101532
2008-03-01,5.751007958094,2.459109077819,2.588441494993,1.827432917643,5.515635536874,3.155754621115,2.936657208485,3.66683182754,5.208674616353,4.057897554586,4.511692889264,1.251186281433,3.516576534094,3.375813900529,5.659946114306,2.764171754731,3.032304581673,3.188239485058,4.618660589784,1.887419235732,3.570882283813,4.081175307517,3.271853960347,2.430054364466,2.822449313407,3.869677470056,4.404500261415,4.167697179136,5.612272341805,3.032493802256,2.325439239197,4.0710804432
2008-02-01,5.334305803537,2.149563682985,2.504368471959,1.90360582632,4.649155753906,3.125636399757,2.763676456175,3.480538381745,5.067034342581,3.755659315565,3.61409658497,1.371007429254,3.568134158571,3.289369138043,5.879495410675,1.8754363691,3.152282800939,2.810279628598,4.476483108537,1.376767303165,3.213336891582,3.817693388869,2.814951601059,2.086879532066,2.748702317999,3.497304769924,5.863137584598,4.307715310196,5.336473500922,3.232606658696,2.153474393692,4.027265791918
2008-01-01,5.329253093835,2.13269450242,2.103715555061,1.876653516016,4.396619301248,3.067084514047,2.472007778138,3.49625451549,4.810200517049,3.780251565311,3.279363058602,1.340778274388,2.979263464841,2.953365630664,5.501933933797,2.14623757845,3.121406462357,2.927305248382,4.587723442373,1.720495485298,3.55899016858,3.635062895911,2.179351580781,2.295183246385,2.785150668897,2.855799717173,NaN,4.074087874701,4.701919842644,2.966975932084,2.160201997688,3.393669899069
2007-12-01,4.976873017383,1.966136946054,2.204174111053,2.064924798533,4.021267871446,3.054678191737,2.037913845099,3.598267533857,5.634426041734,2.819591825184,3.135198500818,1.272456597647,3.112683553382,3.033753924858,4.932447358877,2.267855969868,3.364918740429,2.682146163981,3.763481246948,1.900663955932,3.698059723738,3.368800597576,2.757114745478,2.413610173131,2.424348688523,2.563852357734,NaN,3.565774051611,4.525004276659,2.759737518201,1.914190637368,3.484593383134
2007-11-01,5.225598758536,2.119215383877,2.585747154936,2.199871159484,4.36069872087,2.816041895075,2.056298354881,3.362012445775,6.088780712753,3.01740365418,3.448269202242,1.277992901344,3.534060986782,3.342196297656,5.278385572941,2.605366912541,3.209874659515,2.848077496508,3.915633010914,2.057037070338,3.600097797884,3.548262544521,3.168177755403,2.739677202694,2.793240168716,2.991086263204,NaN,4.107179235887,4.792554797267,2.441096682004,2.717998702884,3.226719234765
2007-10-01,5.243782896612,1.888400358794,2.353486128113,2.356067913391,5.182300250005,2.882628394139,2.018035384061,3.357935278411,6.137298026404,3.186591360855,3.774941560881,1.200658390048,3.281545638471,3.847558966547,5.58033269703,2.791127641729,3.350616163815,3.132479541788,4.011434395251,1.840809953682,3.667607235243,3.840424786568,3.191315333486,2.999196381308,2.690790483621,3.307940232711,4.120869209298,4.798179462338,5.803347889211,2.296731277786,2.894351043421,3.524982260437
2007-09-01,5.142477834872,1.743354748481,2.218053413203,2.153588562517,5.411374819373,2.859675210584,2.128158482442,2.867278383771,6.302518496422,3.504569985536,3.690024492905,1.284023673998,3.171019193341,3.295631065808,5.687191600765,2.662443386289,3.087191972395,3.677783675719,4.507270463553,1.508348471684,3.465365468351,3.974792850373,2.646244379782,2.877585279302,2.841037823507,3.248993153699,4.605026842508,5.599932760503,5.94594959235,2.361564024892,2.909585101835,3.526262559608
2007-08-01,4.875324937027,1.453014272402,1.806385206651,1.880712718391,5.123681205134,2.9549591674,2.221962856485,3.249335147312,5.989614866111,3.376604014244,3.301190157422,1.356428089814,2.962472870726,3.459145181685,5.232569043974,2.48024381801,2.878092739283,3.483607528684,4.428151133425,1.42413862523,3.386060192047,3.950378456136,2.411841487098,2.884974215185,2.943101255046,3.465025589071,4.426449872718,5.302084420506,5.270998184116,2.319131601916,2.573821072616,3.521754151906
2007-07-01,4.040047663642,1.354854432939,2.057456700826,1.656542918571,4.579577533649,2.946412170879,2.261986674875,2.80875371513,6.133623832819,3.145788455788,2.931806840676,1.360894414908,2.884937299188,2.92616950517,4.745501096814,2.050146163147,2.890035583784,3.225024956995,4.559932482369,1.540493157732,2.751031541062,3.394113797902,2.610415862772,2.37860376477,3.130324538867,3.113794756492,3.948791039552,4.408002765537,4.645418653138,2.442303562182,2.404026870867,4.224820774343
2007-06-01,3.493180124093,1.471621583145,1.865991692423,1.412160771355,4.734843407006,3.024057238038,2.086252986746,2.630803307811,5.952588220385,2.877952402502,2.658633715325,1.243414527402,3.49661372805,2.97196781258,4.897166471653,1.625106923165,2.725135971003,2.599014868693,4.432260661641,1.592591046753,2.737486608673,3.26803259013,2.422956876402,2.382826325931,2.954590362026,2.953579665305,3.91060979467,4.078260148289,4.775373641948,2.074451526016,2.229513758523,4.041106988627
2007-05-01,3.987130516239,1.689081355301,2.087326328473,2.066169647664,5.65865336042,3.099964289084,1.926844860998,2.952751229775,6.021548766325,3.647323611234,2.617764653951,0.972835305106,3.666658545892,2.739251744031,5.261730359285,1.697503702996,3.232581905049,2.772781505401,4.663587892248,1.80122245801,3.112342672803,3.053676012069,2.21782393828,2.611004666529,2.768926384296,2.535008502388,3.979763650018,4.287018400078,5.324105729182,2.077975632916,1.867879328284,4.446376447505
2007-04-01,4.89614706495,2.026079227383,1.863473312357,2.390630187501,6.299823173927,2.978190559092,1.966969169468,3.562722210577,6.154552191999,4.035900529308,3.259784464682,0.743421474798,4.376492528587,2.903846922959,5.920579493296,1.888339835932,3.137562868632,2.971905072127,4.707225120462,1.620175957284,3.641603189824,3.579595344944,2.532117472929,2.998467756999,2.68972444506,2.616196058435,4.720448662226,4.986270621526,5.005442323387,2.182137999251,1.797442339572,4.218599763498
2007-03-01,5.551091469705,2.479983384729,1.926452555886,2.672764011312,6.540269413429,2.861552753251,2.070534661127,4.040538917408,5.682761170449,4.916953036134,3.972477469621,1.034317147691,4.554843661414,3.483024864971,5.970654791364,2.691444397175,3.302196470645,3.083967993665,4.991924208238,2.015595977432,3.479293096475,3.712007366239,2.772589902747,3.322005651432,2.58852878243,2.555471485822,5.105971206295,4.759060310149,4.947458925769,2.0903748708,1.893573514155,4.645039337895
2007-02-01,5.121387957135,2.546326128843,1.806179436823,2.207370359452,5.732540270791,2.724550875786,2.107719791907,3.661143008095,5.227435580648,4.213481678176,4.303342439048,1.172654959907,4.340660286577,3.819850040047,5.594879450779,2.67100224869,3.166249677817,3.17160406771,4.830409478756,1.925051756881,3.319786476719,3.634275886177,2.802611986983,3.135864529837,2.621523691796,2.612810620577,4.789512306745,4.916915720755,4.667458559071,2.18192354025,1.84647629229,4.355086794954
2007-01-01,4.38672306574,2.496330396912,1.544299657696,1.911615822307,5.304782377359,2.748699266545,2.072914532622,3.44656212086,5.082804411652,3.718600437337,3.740792886536,1.186826326691,3.671407900135,3.693664815807,5.410674682512,2.847074979502,2.916091832555,2.915502187176,4.552800635005,1.928764245601,2.593548825424,3.834015059273,2.582213275402,2.813271678416,2.562368868625,3.111333311542,4.616510404063,4.598510774743,4.659316525437,2.214089657288,2.116227193608,4.016901050917
2006-12-01,3.971579897006,2.100220197588,1.554600432417,1.85919670828,5.014349084599,2.998727094713,2.145119300312,2.785616446284,5.392130215478,3.088619705667,3.409607844529,1.228841799208,3.187987016194,3.741687557484,5.051404884283,2.532869217104,2.840967284671,2.714223660606,4.408609352013,1.967386213103,2.95594627087,3.623393707306,2.51938144882,2.478027103953,2.677433947485,3.595851048959,4.109217320902,4.88974444729,4.172631109509,2.594377741652,1.867605434925,3.921634342819
2006-11-01,4.231645287285,2.036603865376,1.606450460336,2.308285935248,5.592844830409,3.292530707247,2.133022402135,2.657545121084,6.221178541723,3.536519053164,3.588606093539,1.379373233701,2.789388644872,3.646087590414,5.204568164035,2.921093877703,3.156583970681,2.839496213597,4.950273587469,2.241029500623,3.29747840794,3.982125326869,2.596909947316,2.381252785157,3.075237000174,3.863110587283,4.303054525492,5.074525649752,4.698097990946,2.420992286153,2.087701004697,4.25344264444
2006-10-01,4.783339779779,2.199108529128,1.996382186299,2.498151725876,5.52841354176,3.365814183537,2.050541920636,2.850546933917,6.111865478435,4.325315548594,4.197766682417,1.848816040146,3.000265797794,3.989739388607,4.942284449849,2.609078034384,3.323588122812,3.058118046213,5.361158486725,2.26851342043,3.615363603874,3.75619541682,2.517988266027,2.611641749048,3.64266947295,4.203103655018,4.092312045041,5.396497336248,4.845242187941,2.559599518183,2.161532313985,4.522911929204
2006-09-01,4.817384344198,2.215750479392,2.020901809283,2.889151767412,5.627997544688,3.713412541126,1.965801393252,2.975996804902,6.108752092938,4.551022910806,4.27020702415,2.016447340952,3.55109507786,3.859055415496,5.246858907899,3.004551419851,3.283118604389,3.403221999389,5.876006876483,1.892382231457,3.107100063055,4.199606860775,2.749380225447,2.856585324902,4.085705790642,3.922468235282,3.461823293607,5.560486294922,5.199621797273,2.130032736011,2.648509134567,4.051514405059
2006-08-01,4.47305983295,2.094284342433,2.219473887254,2.684315295982,5.309752660948,3.445421829208,1.689456007023,2.999392938114,5.896295796589,4.639965851712,3.667482187889,1.665321282657,3.888731404837,3.600532842439,5.183536016974,2.693498646536,2.774511970799,3.004060429005,5.588849022902,1.703456472583,2.658998479812,3.954440199627,2.636628022955,2.838673575195,3.539125264494,3.71133375297,3.094201893431,4.908027197255,4.25140630226,2.125668427845,2.588896305324,3.637303210942
2006-07-01,4.355449748122,1.590151451494,2.194292426579,2.325804979069,5.498951134096,3.26773708113,1.624884719095,2.757248106729,5.469039633479,3.706860168079,3.089442454432,1.376014566088,3.59868636306,3.113430642379,4.742629172277,2.772045730651,2.635937104873,2.595199755956,5.344661847572,1.721658432798,2.359459265141,3.687693038016,2.623021214823,2.657276622731,2.95743718106,3.005103933435,2.679920940063,4.395488118689,3.832895375405,1.695006338482,2.444590301657,2.958791882814
2006-06-01,4.203542688199,1.263567314479,2.08744107643,1.924763463597,5.0917341916,2.752481224222,1.459076477366,2.625491103079,5.061761891549,3.448220027136,2.680697851501,1.033192850562,3.365008430289,2.761604122668,4.151594243077,2.487815908906,2.56225655531,2.407984665337,4.729668123741,1.677555283373,2.618661371474,3.265299869401,2.759903945431,2.67530544062,2.591477307678,2.994611144028,2.712224728388,3.89729749552,3.683783008141,1.878134740972,2.25737239414,2.950056650732
2006-05-01,4.362345140614,1.135694134582,2.001702432112,1.828336838553,5.277807162839,2.747145070623,1.684544255224,2.695632562286,4.56449105916,3.385075551394,3.053805178194,1.263359400213,3.538758007595,2.820658864297,3.898265603361,2.615596661183,2.43325922652,2.611501246648,4.774604640506,1.487264497641,3.045495046287,3.595616387434,2.841892067764,2.568705134407,2.842100504631,2.887229036924,2.955943222097,3.714180748371,4.624596475436,1.982488989557,2.341413238881,3.116851438348
2006-04-01,4.246942790831,1.364508090644,2.069878422326,1.933737580415,5.250606001431,3.130464334924,1.673360937908,2.411535746507,5.357699052927,4.062018586558,3.529556338765,1.176032766098,3.86508958763,3.170523893359,4.329750207537,2.780738661008,2.200586787918,2.856597681395,4.722837239806,1.565434600341,3.6276211228,4.205934253367,2.835983882571,2.573212946637,3.505538212187,2.840566034008,3.495275540699,3.967641454484,5.441097106276,2.291551224035,2.477210777085,3.038394476977
2006-03-01,5.069555387571,1.559252879712,2.32961225274,2.107610980152,5.786787882289,3.592763648864,1.806594488958,2.861104423676,5.441598021011,4.003384757597,3.460360905983,1.111766739223,3.525049679191,3.713048807056,4.218273003574,2.87442861704,2.450912327935,2.787003335095,4.628784288965,1.70309373105,3.823831643944,4.770574839047,2.500788447898,2.462483697274,3.103281649913,2.86321940838,3.641947703321,3.903972362586,5.839603553496,2.394924703029,2.25226560547,3.562212312305
2006-02-01,4.92355631629,1.566861148685,2.177998254518,2.138692992805,4.888426285273,3.398759964098,1.66285357594,2.548637751304,5.042064315995,3.528100729143,3.25345097105,0.879940037301,3.373723316696,3.692203979292,4.182472663729,2.920128608805,2.520079594253,2.55274075473,4.213851177399,1.719865641324,3.446714460165,4.537303703324,2.667718030569,2.387779749391,3.072383412725,3.089934261215,3.187940419009,3.731931880419,5.071558977278,2.271583523544,2.141885510259,3.424648949208
2006-01-01,4.54406836961,1.586868592846,1.798865875763,2.148178352903,4.692654237872,3.344898662391,1.643164311526,2.081378828945,4.558615795258,2.802193208549,2.62659788271,0.799797914726,2.900756125185,3.371448218826,4.024783313582,2.920049373308,2.3993475693,2.416193280086,4.152862992165,1.616652766348,3.223889822674,3.719902650746,2.834024680615,2.362075500824,2.572351430382,3.033927711154,2.916025383769,3.130018087987,4.57776350072,2.111668678743,1.912164333574,3.211906174451
2005-12-01,4.093753204656,1.58702486166,1.732880711168,1.843241279278,3.991578876814,3.219168975669,1.644692896165,2.216916580391,4.710899754471,2.870291393809,2.761599951146,0.716206026084,3.385790995685,3.354739279587,4.024917116061,2.74499744635,2.35848875738,1.992371972393,4.219115167044,1.412491697701,2.934741556347,3.542361152673,2.688851505497,2.175571283077,2.944811303785,2.85389583482,2.950303814264,2.832913509277,4.161239724374,2.235018520599,2.349308995988,2.260510506271
2005-11-01,4.529510961792,1.59625513293,1.837674999334,1.747310276486,4.215905976461,3.698097642482,1.944619438832,2.545660560223,5.408800727547,2.967687492889,3.197615803102,0.881776931579,3.370711841041,3.621334060448,4.324759521375,2.6871914912,2.352978549691,2.332543777792,4.652579928717,1.628753746433,3.051907290495,3.919012987647,2.623465239871,2.318039304444,2.98699820488,3.036146786067,3.5265150194,3.234118839678,4.516820332202,2.453993899258,2.432403025562,2.278110194264
2005-10-01,5.569646059304,1.514253194594,2.157634894526,2.42854195595,4.260609586352,3.513350504274,2.347499598918,2.740505796791,6.011567070576,3.487561055466,3.662564153651,0.914890015334,3.1401886902,4.215461689385,4.314683582407,2.674586368174,2.499900393923,2.317964532043,5.249628148505,1.616281637054,3.030790896817,4.240402087663,2.442480451544,2.639670483703,3.170386183334,3.48771371302,3.74244302017,4.264028732853,4.860515428477,2.228868457987,2.706972535708,2.804411755538
2005-09-01,5.304988491872,1.287358678226,2.456555950498,2.751222326984,4.346158719065,3.219489877299,2.371495279809,2.375992640791,6.375691755474,3.321435244499,3.81614939053,0.997218017035,2.360001739317,4.208922604302,4.853796273357,3.235611975058,2.405901086822,2.630551134006,5.828282898895,2.105256007254,3.362278134262,4.334488761337,2.739083801061,2.71555854504,3.6349801616,4.174728333305,3.71540597873,4.817339938743,4.80832356344,1.724494787991,2.668876790529,3.483877240757
2005-08-01,5.094236696445,1.222828132377,2.709597700164,3.009374765909,4.695943474213,2.599752750768,2.217931176766,1.955037011796,6.422372307937,3.627796988408,3.697386137451,1.026016385678,2.429960963964,3.846731139672,4.950194536294,3.431813244096,2.518522008955,2.379065468496,5.638982889039,2.049477484708,3.21130369177,4.056846743974,2.699368774807,2.851016971148,3.374790630737,4.153222453145,3.597888310008,4.769785029468,4.934127304009,1.873715137459,2.445359017555,3.654345454486
2005-07-01,4.714072502448,1.158958534383,2.320768305881,2.750063739677,4.381978307452,2.605085444047,2.009633729559,1.923586762241,5.975887715262,3.28496961828,3.531872125658,1.159120071556,2.963628401314,3.446605798838,5.142969874534,3.642009789553,2.605797296977,2.63087279042,5.286253091727,2.056202661104,2.914528959448,4.039698277223,3.08565069127,2.507170794765,3.870199711887,3.5169590407,3.106751914023,4.25532805419,4.457201481373,1.931214608771,2.494202633157,2.937357820903
2005-06-01,5.270292553267,1.216469598051,2.255499332954,2.846503500235,4.631665648944,2.516738567527,2.067357276129,2.068998174813,5.314170858589,3.393132957384,4.100312467431,1.189466320219,3.348946978025,2.890649861882,5.042350633059,2.694812419636,2.748355163714,2.344460998839,4.552591972662,1.483388326676,2.810907628443,3.82963766722,2.725041491509,2.375101600469,3.286843702813,3.201228556161,2.837688890213,4.01927709794,4.268962219255,2.297240476006,2.363152241414,2.436161554546
2005-05-01,5.342869784785,1.212513519259,2.31048159685,2.682970417295,5.075093502532,2.961556155741,2.018643457817,2.227945088253,5.509396047501,3.294326237257,4.10836863498,1.158479287315,3.642796502986,2.893350747689,5.047704368604,2.263945920858,2.919591211215,2.325274838161,4.618455884399,1.336569281439,2.844302497225,3.802908112393,2.966268571353,2.5897983029,3.584185045596,2.625430502907,2.862388716402,4.100585237385,3.969391662359,2.541512603744,2.64907376922,2.210956602842
2005-04-01,4.72218026156,1.296912431013,2.70809851536,2.588465150744,5.137830705234,2.962102698111,1.966228877127,3.171076692348,5.564670804589,3.788996233713,4.527202305881,1.261139468215,3.562908205381,3.178662228393,5.159776087598,1.793621360203,2.828975833562,2.175417227181,5.115800875218,1.298034245348,3.138558371854,4.024361627888,2.663827591248,2.93049911426,3.098911455219,3.495427600866,3.348310094708,4.419272978955,3.945105041796,2.638531115234,2.381240475199,2.80358798475
2005-03-01,4.652458417955,1.635328888938,2.623865946184,2.492287167826,4.971285430034,3.126243699347,2.15344688477,3.422027317293,5.470529164028,4.159833139344,4.564382747167,1.460642188291,3.230635195031,3.573188226965,5.176735120348,2.166616585968,2.692414280546,2.439208021689,5.442728317354,1.879364959683,3.401807836003,3.967449259524,2.776826821475,3.222701097219,3.095860008444,3.609367456611,3.643357280177,5.231977809981,3.861340075632,3.274263947938,2.587656876138,3.09475575913
